date,UKR_CPI_MOM_INDEX,UKR_CPI_LEVEL,UKR_CPI_YOY,AT,BE,DE,ES,FI,FR,GR,IE,IT,NL,PT,EA_HICP_YOY,UKR_IP_LEVEL,UKR_IP_YOY,base_label,EA_IP_LEVEL,EA_IP_YOY,UAH_USD,log_uah_usd,dlog_uah_usd,UAH_EUR,log_uah_eur,dlog_uah_eur,NBU_POLICY_RATE,ECB_REFI_RATE,OIL_PRICE,WHEAT_PRICE,dlog_oil,dlog_wheat,CRISIS_0809,CRISIS_1415,WAR_2022PLUS,POST_2016_IT
2005-02-01,101.0,165.77481699372532,13.314097758251208,2.3,2.3,1.8,3.3,0.0,1.9,3.1,2.0,2.1,1.5,2.1,2.0363636363636366,129.7,5.532953620829928,2001=100,100.6,0.4995004995004937,5.3000107142857145,1.667708842119375,-0.0008746482206316575,6.894193607142857,1.9306795511269237,-0.013770980209147687,9.0,9.598176e+17,44.81821052632,151.1686798489,0.04205933684981389,-0.015910817889091433,0,0,0,0
2005-03-01,101.6,168.42721406562495,14.668449524286098,2.4,2.8,1.8,3.4,0.9,2.1,2.8,1.9,2.2,1.5,2.2,2.1818181818181817,147.5,6.806661839246919,2001=100,100.6,0.9027081243731194,5.2920225806451615,1.6662005131833568,-0.0015083289360182661,6.982573451612903,1.943417538167889,0.012737987040965404,9.0,9.598176e+17,50.94287878788,150.985863975,0.12809043947110643,-0.0012100820586340433,0,0,0,0
2005-04-01,100.7,169.60620456408435,14.668449524286098,2.3,2.5,1.4,3.5,1.2,2.0,3.3,2.1,2.1,1.3,2.0,2.1545454545454548,142.0,4.874446085672068,2001=100,102.3,1.6898608349900535,5.19201,1.6471209054399956,-0.01907960774336126,6.716949333333333,1.9046340832063058,-0.03878345496158331,9.0,9.598176e+17,50.64047619048,140.87698047857,-0.005953800024708578,-0.06929918570150839,0,0,0,0
2005-05-01,100.6,170.62384179146886,14.554578174212306,1.9,2.3,1.5,3.1,0.7,1.7,3.2,2.1,2.3,1.0,1.7,1.9545454545454546,135.9,3.2674772036474176,2001=100,101.2,0.3968253968253954,5.05,1.6193882432872684,-0.027732662152727183,6.431403064516129,1.8611927204361303,-0.04344136277017552,9.0,9.598176e+17,47.82657287157,143.33005787571,-0.05716977838958881,0.017263037056899577,0,0,0,0
2005-06-01,100.6,171.64758484221767,14.44081990393007,2.0,2.7,1.7,3.2,1.0,1.8,3.2,2.0,2.2,1.4,0.7,1.9909090909090907,136.0,-1.2345679012345623,2001=100,101.9,1.0912698412698596,5.054833333333333,1.6203448812727745,0.0009566379855061591,6.1513082,1.816664774644858,-0.04452794579127217,9.0,9.598176e+17,53.8903030303,141.93077620909,0.11936915220871791,-0.009810620475082743,0,0,0,0
2005-07-01,100.3,172.1625275967443,14.78414236364185,2.1,2.7,1.9,3.3,0.9,1.8,3.9,2.2,2.2,1.5,1.9,2.2181818181818183,139.7,-2.7158774373259087,2001=100,102.7,1.5825914935707397,5.053225806451613,1.6200268129130546,-0.0003180683597199252,6.089715225806452,1.8066013196771566,-0.010063454967701446,9.0,9.598176e+17,56.36580952381,143.869839885,0.04491220550876207,0.013569553880512508,0,0,0,0
2005-08-01,100.0,172.1625275967443,14.899041405046876,1.9,2.9,1.9,3.3,1.0,2.0,3.6,2.1,2.2,1.7,2.5,2.2818181818181817,141.5,0.49715909090908283,2001=100,101.4,1.7051153460381219,5.05,1.6193882432872684,-0.0006385696257862339,6.207574032258065,1.8257701645889248,0.01916884491176818,9.35483870967742,9.598176e+17,61.89052042161,149.35902467283,0.09350426396662126,0.03744396803561223,0,0,0,0
2005-09-01,100.4,172.85117770713128,13.878220701546962,2.5,2.9,2.6,3.8,1.2,2.3,3.8,2.8,2.2,1.7,2.7,2.590909090909091,145.9,0.4129387474191226,2001=100,102.9,1.8811881188118829,5.05,1.6193882432872684,0.0,6.199767166666667,1.824511737582445,-0.001258427006479934,9.5,9.598176e+17,61.6876984127,159.70865813438,-0.0032824909265745106,0.06699829957487591,0,0,0,0
2005-10-01,100.9,174.40683830649547,12.429671905930405,2.1,2.3,2.4,3.5,0.8,2.0,3.7,2.7,2.5,1.5,2.6,2.372727272727273,157.2,1.681759379042691,2001=100,103.0,1.3779527559055094,5.05,1.6193882432872684,0.0,6.0713706451612905,1.8035843860325802,-0.020927351549864692,9.5,9.598176e+17,58.18507936508,167.826712725,-0.05845558003331597,0.0495807064506808,0,0,0,0
2005-11-01,101.2,176.49972036617342,11.987035402363766,1.7,2.4,2.3,3.4,0.9,1.8,3.4,2.2,2.4,1.6,2.5,2.2363636363636363,150.9,2.0283975659229236,2001=100,104.0,3.482587064676612,5.05,1.6193882432872684,0.0,5.960616,1.7851738314411236,-0.018410554591456574,9.5,9.598176e+17,55.04282539683,161.11635164432,-0.05551742774627311,-0.04080519019815654,0,0,0,0
2005-12-01,100.9,178.08821784946903,10.346600313461995,1.5,2.8,2.1,3.7,1.0,1.8,3.5,1.9,2.0,2.0,2.5,2.2545454545454544,149.1,5.296610169491522,2001=100,103.8,3.592814371257469,5.05,1.6193882432872684,0.0,5.983337741935484,1.7889785630796367,0.003804731638513026,9.5,9.598176e+17,56.42964285714,164.44104598929,0.024883077181717894,0.020425337930148224,0,0,0,0
2006-01-01,101.2,180.22527646366265,9.80408998743707,1.5,2.7,2.1,4.2,1.2,2.2,3.0,2.3,2.2,1.7,2.7,2.3454545454545452,95.7,,2010=100,103.8,2.1653543307086576,5.05,1.6193882432872684,0.0,6.1012145161290325,1.8084878523660504,0.01950928928641371,9.5,9.598176e+17,62.45703968254,167.16073370625,0.10148435231203745,0.016403703888369314,0,0,0,0
2006-02-01,101.8,183.46933144000857,10.673825353674204,1.5,2.9,2.1,4.1,1.3,2.0,3.1,2.7,2.2,1.5,3.0,2.4,97.6,,2010=100,104.2,3.5785288270377746,5.05,1.6193882432872684,0.0,6.036842142857142,1.79788105119631,-0.010606801169740443,9.5,9.598176e+17,59.70492105263,179.84092587632,-0.04506450862559941,0.07311688821028728,0,0,0,0
2006-03-01,99.7,182.91892344568853,8.604137674816092,1.3,2.1,1.9,3.9,1.2,1.7,3.3,2.8,2.2,1.4,3.8,2.327272727272727,110.8,,2010=100,104.3,3.6779324055665974,5.05,1.6193882432872684,0.0,6.064300645161291,1.802419225798636,0.004538174602326084,9.5,9.598176e+17,60.92927536232,174.43598036625,0.020299324542088826,-0.030514915390182473,0,0,0,0
2006-04-01,99.6,182.18724775190577,7.417796548278854,2.1,2.5,2.2,3.9,1.5,2.0,3.5,2.8,2.4,1.8,3.7,2.5818181818181816,104.6,,2010=100,105.1,2.7370478983382185,5.05,1.6193882432872684,0.0,6.180206833333333,1.8213517390864673,0.0189325132878313,9.5,9.598176e+17,67.97057504873,180.34605464495,0.10936112041842794,0.033319731372440486,0,0,0,0
2006-05-01,100.5,183.0981839906653,7.311019414533049,2.1,2.8,2.1,4.1,1.7,2.3,3.3,3.1,2.3,1.8,3.6,2.6545454545454548,106.5,,2010=100,106.3,5.039525691699609,5.05,1.6193882432872684,0.0,6.427607419354839,1.8606023724810856,0.03925063339461832,9.5,9.598176e+17,68.6759486166,193.16672228571,0.010324153360213195,0.06867613103661885,0,0,0,0
2006-06-01,100.1,183.28128217465593,6.777664447263976,1.9,2.5,2.1,4.0,1.5,2.2,3.4,2.8,2.4,1.8,3.5,2.5545454545454542,109.2,,2010=100,106.6,4.612365063788015,5.05,1.6193882432872684,0.0,6.395555666666667,1.8556033220561234,-0.0049990504249621814,8.8,9.598176e+17,68.29015151515,195.164003205,-0.005633483342045054,0.010286585118381097,0,0,0,0
2006-07-01,100.9,184.93081371422787,7.416414184735176,1.9,2.4,2.1,4.0,1.3,2.2,3.9,3.0,2.4,1.8,3.0,2.5454545454545454,112.6,,2010=100,106.5,3.700097370983446,5.05,1.6193882432872684,0.0,6.401689516129032,1.8565619424223783,0.0009586203662548254,8.5,9.598176e+17,72.4501336675,202.42861353947,0.05913295205463598,0.036547051500817496,0,0,0,0
2006-08-01,100.0,184.93081371422787,7.416414184735176,2.1,2.3,1.7,3.8,1.3,2.1,3.5,3.1,2.3,1.9,2.7,2.4363636363636365,111.8,,2010=100,106.8,5.325443786982231,5.05,1.6193882432872684,0.0,6.469066290322581,1.8670317843926463,0.010469841970268012,8.5,9.598176e+17,71.81188405797,189.91466889546,-0.008848535241420485,-0.06381243846040352,0,0,0,0
2006-09-01,102.0,188.6294299885124,9.128229550228962,1.4,1.9,0.9,2.9,0.8,1.5,3.1,2.2,2.5,1.5,3.0,1.9727272727272727,111.4,,2010=100,106.9,3.8872691933916403,5.05,1.6193882432872684,0.0,6.434575333333333,1.8616858456044454,-0.005345938788200888,8.5,9.598176e+17,62.12125396825,195.9815498625,-0.14496179418462063,0.03144566124172776,0,0,0,0
2006-10-01,102.6,193.53379516821374,10.966861762670877,1.2,1.7,1.0,2.6,1.0,1.2,3.1,2.2,1.9,1.4,2.6,1.8090909090909093,120.6,,2010=100,107.1,3.9805825242718473,5.05,1.6193882432872684,0.0,6.370363225806451,1.8516564892781124,-0.01002935632633295,8.5,9.598176e+17,57.91046897547,212.09408658214,-0.07019000474571246,0.07900945940749704,0,0,0,0
2006-11-01,101.8,197.0174034812416,11.624768057706468,1.5,2.0,1.5,2.7,1.3,1.6,3.2,2.4,2.0,1.6,2.4,2.018181818181818,122.1,,2010=100,108.2,4.038461538461546,5.05,1.6193882432872684,0.0,6.4897045,1.8702169980923475,0.0185605088142351,8.5,9.598176e+17,58.14304545455,209.68065367105,0.004008095602802797,-0.011444304372592029,0,0,0,0
2006-12-01,100.9,198.7905601125728,11.624768057706447,1.6,2.1,1.4,2.7,1.2,1.7,3.2,3.0,2.1,1.7,2.5,2.109090909090909,123.5,,2010=100,110.0,5.973025048169567,5.05,1.6193882432872684,0.0,6.671392096774193,1.897828548311645,0.02761155021929751,8.5,9.598176e+17,60.9944122807,204.30628759688,0.04787598286377737,-0.025965398835934295,0,0,0,0
2007-01-01,100.5,199.78451291313564,10.852659978255907,1.7,1.7,1.7,2.4,1.3,1.4,3.0,3.0,1.9,1.2,2.6,1.9909090909090912,106.9,11.703239289446188,2010=100,108.8,4.816955684007707,5.05,1.6193882432872684,0.0,6.573650161290322,1.8830692583241042,-0.014759289987540836,8.5,9.598176e+17,53.51696969697,196.06615699737,-0.13078346381663009,-0.04116813966504829,0,0,0,0
2007-02-01,100.6,200.98321999061443,9.545948858669394,1.7,1.8,1.9,2.4,1.2,1.2,3.0,2.7,2.1,1.4,2.3,1.9727272727272727,105.2,7.7868852459016535,2010=100,109.5,5.086372360844527,5.05,1.6193882432872684,0.0,6.596291964285714,1.886507667557294,0.003438409233189832,8.5,9.598176e+17,57.5625,199.98225866842,0.07287251981029685,0.01977651797644331,0,0,0,0
2007-03-01,100.2,201.3851864305957,10.095326736596544,1.9,1.8,2.0,2.5,1.6,1.2,2.8,3.0,2.0,1.9,2.4,2.0999999999999996,118.4,6.859205776173294,2010=100,110.0,5.465004793863848,5.05,1.6193882432872684,0.0,6.681296612903226,1.899312072440891,0.01280440488359691,8.5,9.598176e+17,60.59984848485,199.09820044286,0.051421078806617615,-0.004430483384929573,0,0,0,0
2007-04-01,100.0,201.3851864305957,10.537476643169219,1.8,1.8,2.1,2.5,1.5,1.3,2.6,2.9,1.8,1.9,2.8,2.090909090909091,114.2,9.177820267686432,2010=100,108.7,3.42530922930544,5.05,1.6193882432872684,0.0,6.813897666666667,1.9189643010260118,0.019652228585120834,8.5,9.598176e+17,65.05764035088,198.3077916102,0.07098125875008598,-0.003977845783417422,0,0,0,0
2007-05-01,100.6,202.59349754917926,10.64746418211766,1.9,1.3,2.0,2.4,1.3,1.2,2.6,2.7,1.9,2.0,2.4,1.9727272727272724,112.4,5.539906103286385,2010=100,110.4,3.8570084666039506,5.05,1.6193882432872684,0.0,6.8324870967741935,1.9216887503110498,0.002724449285038011,8.5,9.598176e+17,65.15725955204,195.7212822,0.0015300740647861133,-0.013128709192072208,0,0,0,0
2007-06-01,102.2,207.05055449526122,12.968739654469807,1.9,1.3,2.0,2.4,1.4,1.3,2.6,2.8,2.0,1.8,2.4,1.9909090909090907,116.8,6.959706959706957,2010=100,110.5,3.658536585365857,5.05,1.6193882432872684,0.0,6.7750968333333335,1.9132536594065517,-0.008435090904498121,8.0,9.598176e+17,68.1880952381,223.0391801875,0.04546626734952053,0.1306558343404225,0,0,0,0
2007-07-01,101.4,209.9492622581949,13.528545103699074,2.0,1.3,2.1,2.3,1.6,1.2,2.7,2.7,1.6,1.4,2.3,1.9272727272727272,118.9,5.595026642984036,2010=100,110.4,3.6619718309859106,5.05,1.6193882432872684,0.0,6.921334516129033,1.9346086001881653,0.021354940781613596,8.0,9.598176e+17,73.6016955267,238.40670983625,0.07639806953050066,0.06663062814593523,0,0,0,0
2007-08-01,100.6,211.20895783174407,14.209716374321268,1.7,1.1,1.9,2.2,1.3,1.3,2.7,2.4,1.6,1.1,1.9,1.7454545454545454,122.4,9.48121645796065,2010=100,111.1,4.026217228464413,5.05,1.6193882432872684,0.0,6.870915967741935,1.9272974259846214,-0.00731117420354388,8.0,9.598176e+17,70.1268115942,259.72730786209,-0.04836286522247857,0.08565418462679641,0,0,0,0
2007-09-01,102.2,215.85555490404244,14.43365699466308,2.1,1.4,2.6,2.7,1.7,1.6,3.0,2.9,1.7,1.3,2.0,2.090909090909091,117.3,5.296229802513452,2010=100,110.9,3.741814780168373,5.05,1.6193882432872684,0.0,7.006487833333334,1.9468365531438379,0.019539127159216463,8.0,9.598176e+17,76.76243859649,326.54486304474,0.09041024244518692,0.22893508052527345,0,0,0,0
2007-10-01,102.9,222.11536599625973,14.768258330904803,2.9,2.2,2.6,3.6,1.8,2.1,3.0,3.0,2.3,1.6,2.5,2.5090909090909093,137.4,13.93034825870647,2010=100,111.3,3.9215686274509887,5.05,1.6193882432872684,0.0,7.180709032258064,1.9713981291954452,0.02456157605160736,8.0,9.598176e+17,81.96724637681,335.14620304891,0.06560429330018103,0.025999518396692345,0,0,0,0
2007-11-01,102.2,227.00190404817744,15.21921415931702,3.2,2.9,3.3,4.1,2.2,2.6,3.9,3.5,2.5,1.8,2.8,2.9818181818181815,127.0,4.0131040131040185,2010=100,110.8,2.4029574861367697,5.05,1.6193882432872684,0.0,7.403973333333334,2.002016793048003,0.030618663852557848,8.0,9.598176e+17,91.33826118326,321.81330975,0.10825003778578068,-0.04059526961023341,0,0,0,0
2007-12-01,102.1,231.76894403318914,16.589512048228585,3.5,3.1,3.1,4.3,1.9,2.8,3.9,3.2,2.8,1.6,2.7,2.9909090909090907,123.8,0.24291497975708065,2010=100,110.8,0.727272727272732,5.05,1.6193882432872684,0.0,7.358420161290323,1.9958452577011498,-0.006171535346853219,8.0,9.598176e+17,89.51994152047,368.62006231324,-0.020108360078840093,0.1357948781481797,0,0,0,0
2008-01-01,102.9,238.4902434101517,19.373739201619156,3.1,3.5,3.0,4.4,3.4,3.2,3.9,3.1,3.2,1.8,2.9,3.2272727272727266,112.2,4.957904583723094,2010=100,112.7,3.5845588235294157,5.05,1.6193882432872684,0.0,7.426692903225807,2.0050806591350665,0.009235401433916657,10.0,9.598176e+17,90.68993506494,370.6609570425,0.01298497070110649,0.005521310193344675,0,0,0,0
2008-02-01,102.7,244.9294799822258,21.86563634201084,3.1,3.6,3.0,4.5,3.3,3.2,4.6,3.4,3.0,2.0,2.9,3.3272727272727267,112.8,7.22433460076044,2010=100,112.6,2.8310502283104944,5.05,1.6193882432872684,0.0,7.436055344827586,2.0063405126539293,0.001259853518862819,10.0,9.598176e+17,93.38759064327,424.995659055,0.029312092468066098,0.13679117252255768,0,0,0,0
2008-03-01,103.8,254.2368002215504,26.244042438130965,3.5,4.4,3.3,4.6,3.6,3.5,4.4,3.8,3.6,1.9,3.2,3.6181818181818177,121.2,2.3648648648648685,2010=100,111.4,1.2727272727272698,5.05,1.6193882432872684,0.0,7.813425161290323,2.05584342869651,0.049502916042580836,10.0,9.598176e+17,101.84283333333,439.71609184875,0.08667230136529103,0.03405031796933233,0,0,0,0
2008-04-01,103.1,262.11814102841845,30.157607753713034,3.4,4.1,2.6,4.2,3.3,3.4,4.4,3.4,3.4,1.7,2.5,3.309090909090909,117.5,2.889667250437822,2010=100,112.6,3.5878564857405593,5.05,1.6193882432872684,0.0,7.9623013333333335,2.0747180702992107,0.01887464160270058,10.066666666666666,9.598176e+17,108.75818181818,362.22924711171,0.0656961269671461,-0.19385198215019095,0,0,0,0
2008-05-01,101.3,265.5256768617879,31.063276992555956,3.8,5.1,3.2,4.7,4.1,3.7,4.9,3.7,3.8,2.1,2.8,3.809090909090909,117.9,4.893238434163694,2010=100,109.2,-1.0869565217391353,4.985612903225807,1.6065563453497744,-0.012831897937493952,7.757271612903226,2.0486306760953075,-0.02608739420390327,12.0,9.598176e+17,122.63260894661,328.76171271686,0.12006606424500355,-0.09694407980977271,0,0,0,0
2008-06-01,100.8,267.6498822766822,29.26788963649354,4.0,5.8,3.4,5.1,4.3,4.0,4.9,3.9,4.0,2.3,3.4,4.1,117.7,0.7705479452054798,2010=100,109.6,-0.814479638009058,4.851926666666667,1.5793758769252662,-0.027180468424508275,7.535118366666667,2.019574540869032,-0.02905613522627526,12.0,9.598176e+17,131.52111111111,348.55307816786,0.06997441300794716,0.058457312352370394,0,0,0,0
2008-07-01,99.5,266.31163286529875,26.845710244882692,3.8,5.9,3.4,5.3,4.3,4.0,4.9,3.5,4.0,3.0,3.1,4.109090909090909,122.3,2.8595458368376736,2010=100,108.7,-1.5398550724637694,4.843074193548387,1.5775496830535676,-0.0018261938716985782,7.640779612903226,2.0334996415460584,0.013925100677026236,12.0,9.598176e+17,132.82518445323,328.18360435568,0.00986648152823566,-0.06021730209697562,0,0,0,0
2008-08-01,99.9,266.0453212324335,25.96308601852666,3.6,5.4,3.3,4.9,4.6,3.5,4.8,3.2,4.3,3.0,3.1,3.972727272727273,118.3,-3.3496732026143894,2010=100,108.2,-2.6102610261026005,4.844574193548388,1.5778593557320242,0.0003096726784566073,7.291155483870968,1.9866620360489688,-0.046837605497089596,12.0,9.598176e+17,114.56682539683,329.34415053553,-0.14787558035999293,0.003530033147224998,0,0,0,0
2008-09-01,101.1,268.97181976599023,24.607318947877154,3.7,5.5,3.0,4.6,4.7,3.4,4.7,3.2,3.9,2.8,3.2,3.8818181818181814,115.6,-1.449275362318847,2010=100,107.2,-3.3363390441839558,4.852996666666667,1.579596383562482,0.0017370278304578157,6.985260266666667,1.9438022528117047,-0.04285978323726414,12.0,9.598176e+17,99.65676767677,295.55033419286,-0.13942632184860937,-0.10826409627729028,1,0,0,0
2008-10-01,101.7,273.54434070201205,23.154172371225478,3.0,4.8,2.6,3.6,4.4,3.0,4.0,2.8,3.6,2.5,2.5,3.3454545454545452,108.4,-21.10625909752547,2010=100,105.1,-5.570530098831982,5.0429774193548385,1.6179966654630762,0.03840028190059419,6.754579258064516,1.9102206834714968,-0.03358156934020795,12.0,1.2228192e+18,72.69275362319,237.38407758587,-0.31549025430875943,-0.21915974807613914,1,0,0,0
2008-11-01,101.5,277.64750581254225,22.31065064265545,2.3,3.2,1.4,2.4,3.5,1.9,3.0,2.1,2.8,1.9,1.4,2.354545454545455,92.4,-27.244094488188974,2010=100,101.2,-8.664259927797824,6.004136666666667,1.7924486761148608,0.17445201065178462,7.651289066666666,2.0348741390896192,0.12465345561812247,12.0,1.2254976e+18,53.97272807018,226.8462326625,-0.29776282125893605,-0.045407011144848575,1,0,0,0
2008-12-01,102.1,283.4781034346056,22.31065064265545,1.5,2.7,1.1,1.4,3.4,1.2,2.2,1.3,2.4,1.7,0.8,1.7909090909090908,93.7,-24.313408723747976,2010=100,97.7,-11.823104693140785,7.581358064516129,2.0256923477904807,0.23324367167561988,10.242014999999999,2.3264983775969896,0.2916242385073704,12.0,1.2280896e+18,41.33892496393,220.1354096,-0.2666743340807356,-0.03002954360486587,1,0,0,0
2009-01-01,102.9,291.6989684342092,22.31065064265543,1.2,2.1,1.0,0.8,2.5,0.8,2.0,1.2,1.4,1.7,0.1,1.3454545454545455,77.6,-30.837789661319082,2010=100,94.0,-16.592724046140194,7.7,2.0412203288596382,0.015527981069157537,10.290429032258066,2.3312142430737772,0.004715865476787595,12.0,1.230768e+18,43.85521428571,239.11426721842,0.05908907445090694,0.08269868799902369,1,0,0,0
2009-02-01,101.5,296.0744529607223,20.881509641962246,1.3,1.9,1.1,0.7,2.7,1.0,1.8,0.1,1.6,1.9,0.1,1.290909090909091,81.5,-27.748226950354603,2010=100,92.7,-17.673179396092355,7.7,2.0412203288596382,0.0,9.8585575,2.28833985973748,-0.04287438333629723,12.0,1.230768e+18,41.8436754386,224.68754205,-0.04695296263420001,-0.06223080812771986,1,0,0,0
2009-03-01,101.4,300.2194953021724,18.086561442148085,0.6,0.6,0.3,-0.1,2.0,0.4,1.5,-0.8,1.1,1.8,-0.6,0.6181818181818182,89.0,-26.567656765676574,2010=100,91.5,-17.863554757630162,7.7,2.0412203288596382,0.0,10.045618709677418,2.3071365901657392,0.018796730428259245,12.0,1.2358656e+18,46.6453030303,230.981732721,0.10863157592515771,0.027627893200837583,1,0,0,0
2009-04-01,100.9,302.921470759892,15.56677060633116,0.5,0.7,0.7,-0.2,2.1,0.1,1.1,-0.8,1.2,1.8,-0.5,0.6090909090909091,83.9,-28.595744680851055,2010=100,90.3,-19.804618117229133,7.7,2.0412203288596382,0.0,10.175216333333333,2.3199549923639027,0.012818402198163437,12.0,1.238544e+18,50.2780952381,233.47312851686,0.07499726299728993,0.010728360923343061,1,0,0,0
2009-05-01,100.5,304.43607811369145,14.654101144484532,0.1,-0.2,-0.1,-0.9,1.5,-0.3,0.7,-1.7,0.8,1.5,-1.3,0.009090909090909078,83.3,-29.34690415606447,2010=100,92.0,-15.75091575091575,7.65298064516129,2.0350951987720953,-0.006125130087542896,10.390498677419355,2.340891799861136,0.020936807497233367,12.0,1.241136e+18,58.15388888889,261.48173459625,0.14552325366780838,0.11329744329679947,1,0,0,0
2009-06-01,101.1,307.784874972942,14.995333588366911,-0.3,-1.1,0.0,-1.0,1.6,-0.6,0.7,-2.1,0.5,1.4,-1.6,-0.22727272727272735,86.6,-26.423109600679705,2010=100,92.8,-15.328467153284675,7.615773333333333,2.030221535141408,-0.004873663630687197,10.669299599999999,2.3673704211722533,0.026478621311117223,11.466666666666667,1.241136e+18,69.1496969697,256.6449314908,0.17318092230465343,-0.01867089239466857,1,0,0,0
2009-07-01,99.9,307.47709009796915,15.457626386712153,-0.4,-1.7,-0.7,-1.3,1.2,-0.8,0.7,-2.5,-0.1,-0.1,-1.5,-0.6545454545454544,91.3,-25.347506132461163,2010=100,92.8,-14.627414903403867,7.648132258064516,2.0344614687565463,0.004239933615138192,10.776853903225806,2.377400677173712,0.010030256001458682,11.0,1.241136e+18,64.66667325428,224.85038331477,-0.06702770361872279,-0.13225832211750976,1,0,0,0
2009-08-01,99.8,306.8621359177732,15.342053187125826,0.2,-0.7,0.0,-0.7,1.3,-0.2,1.0,-2.4,0.1,-0.1,-1.2,-0.24545454545454543,90.4,-23.584108199492803,2010=100,92.9,-14.140480591497228,7.8066129032258065,2.0549711826151262,0.020509713858579914,11.127442387096774,2.409414344370027,0.032013667196315154,10.516129032258064,1.241136e+18,71.62968253968,210.37290809743,0.10226357640462513,-0.06655350919566771,1,0,0,0
2009-09-01,100.8,309.3170330051154,14.999791901704107,0.0,-1.0,-0.4,-0.9,1.1,-0.4,0.7,-2.9,0.3,0.0,-1.8,-0.4818181818181818,93.0,-19.55017301038062,2010=100,94.7,-11.660447761194026,7.999016666666667,2.0793186174582967,0.02434743484317048,11.644170366666666,2.4548056570599774,0.045391312689950336,10.25,1.241136e+18,68.34611111111,191.09332947857,-0.046924883810747,-0.0961197640609166,1,0,0,0
2009-10-01,100.9,312.1008863021614,14.095172103067299,0.1,-0.9,-0.1,-0.6,0.6,-0.2,1.2,-2.9,0.3,0.4,-1.6,-0.33636363636363636,99.5,-8.210332103321038,2010=100,94.0,-10.561370123691717,8.000167741935483,2.079462509201951,0.00014389174365447843,11.843336387096773,2.4717653792114103,0.01695972215143282,10.25,1.241136e+18,74.08060606061,198.84886839643,0.08056910660879968,0.03978313618152107,1,0,0,0
2009-11-01,101.1,315.5339960514852,13.645535956848299,0.6,0.0,0.3,0.4,1.3,0.5,2.1,-2.8,0.9,0.7,-0.8,0.29090909090909084,97.0,4.978354978354971,2010=100,94.6,-6.521739130434789,7.994373333333333,2.078737960891578,-0.0007245483103730521,11.917281066666668,2.477989537184795,0.006224157973384603,10.25,1.241136e+18,77.5523015873,211.03834934118,0.0457987964670048,0.0594947864956854,1,0,0,0
2009-12-01,100.9,318.37380201594857,12.309839158139035,1.1,0.3,0.9,0.9,1.8,1.0,2.5,-2.6,1.1,0.7,-0.1,0.6909090909090909,98.7,5.336179295624333,2010=100,93.8,-3.99181166837258,7.9778,2.0766626842294,-0.002075276662178105,11.676032580645161,2.4575382433823876,-0.02045129380240729,10.25,1.241136e+18,74.88181818182,206.2514056275,-0.03504145478634868,-0.022944027038386494,1,0,0,0
2010-01-01,101.8,324.1045304522356,11.109248068984968,1.2,0.8,0.7,0.7,1.6,1.2,2.3,-2.5,1.3,0.4,0.1,0.7090909090909091,87.8,13.144329896907214,2010=100,94.8,0.8510638297872353,7.996958064516129,2.0790612274340563,0.002398543204656267,11.429522612903225,2.4361997107842903,-0.02133853259809726,10.25,1.241136e+18,77.1210877193,201.19093202368,0.029465641298004996,-0.024841472610089177,0,0,0,0
2010-02-01,101.9,330.2625165308282,11.547117026892328,0.9,0.8,0.4,0.4,1.3,1.4,2.9,-2.4,1.0,0.4,0.2,0.6636363636363636,88.2,8.220858895705518,2010=100,94.0,1.4023732470334282,8.000260714285714,2.079474130434531,0.00041290300047469586,10.953312857142858,2.3936419545366046,-0.04255775624768576,10.25,1.241136e+18,74.76301559454,194.0,-0.03105343566739638,-0.03639620868178639,0,0,0,0
2010-03-01,100.9,333.2348791796056,10.997081933071362,1.8,1.9,1.2,2.7,1.5,1.7,3.9,-2.4,1.4,0.7,0.6,1.3636363636363635,101.2,13.707865168539325,2010=100,96.1,5.027322404371581,7.967112903225806,2.0753221816579024,-0.004151948776628611,10.821904709677419,2.3815722939403634,-0.01206966059624115,10.25,1.241136e+18,79.29768115942,191.07507175435,0.05888556806456968,-0.015191762404684894,0,0,0,0
2010-04-01,99.7,332.23517454206683,9.676997707901048,1.8,2.0,1.0,2.4,1.6,1.9,4.8,-2.4,1.8,0.7,0.7,1.481818181818182,98.7,17.640047675804517,2010=100,96.2,6.533776301218164,7.925726666666666,2.0701140085145866,-0.005208173143315786,10.6385444,2.3644836700436294,-0.017088623896734045,10.25,1.241136e+18,84.18285714286,192.87,0.05978241679744123,0.009349990163062039,0,0,0,0
2010-05-01,99.4,330.24176349481445,8.476552956869288,1.7,2.5,1.2,2.5,1.4,1.9,5.3,-1.9,1.5,0.4,1.1,1.6,95.9,15.126050420168081,2010=100,97.8,6.304347826086953,7.925722580645162,2.0701134929754152,-5.155391713529411e-07,9.999582838709678,2.3025433759948717,-0.06194029404875767,10.25,1.241136e+18,75.61831746032,181.605588975,-0.10729275535587046,-0.06017914483403963,0,0,0,0
2010-06-01,99.6,328.9207964408352,6.867108550981027,1.8,2.7,0.9,2.1,1.3,1.7,5.2,-2.0,1.4,0.2,1.1,1.4909090909090907,97.8,12.93302540415704,2010=100,99.5,7.219827586206895,7.915733333333334,2.068852340125568,-0.0012611528498474023,9.668302933333333,2.2688527959595066,-0.03369058003536507,9.675,1.241136e+18,74.725,157.67209847046,-0.011883840115603839,-0.14131969157042068,0,0,0,0
2010-07-01,99.8,328.2629548479535,6.7601344683473785,1.7,2.4,1.2,1.8,1.3,1.9,5.5,-1.2,1.8,1.3,1.9,1.781818181818182,99.1,8.54326396495071,2010=100,97.0,4.525862068965525,7.901554838709678,2.067059555133981,-0.0017927849915868599,10.057400612903226,2.3083087429041633,0.039455946944656706,8.725806451612904,1.241136e+18,74.5794011544,195.81769059129,-0.0019503630251760384,0.21666652591084468,0,0,0,0
2010-08-01,101.2,332.202110306129,8.257771625218012,1.6,2.4,1.0,1.6,1.3,1.6,5.6,-1.2,1.7,1.2,2.0,1.7090909090909092,99.7,10.287610619469012,2010=100,98.0,5.489773950484378,7.890296774193549,2.0656337481166247,-0.0014258070173562842,10.179819129032257,2.3204072436789036,0.012098500774740284,7.967741935483871,1.241136e+18,75.82626984127,246.24722445586,0.016580455289523677,0.22915193241534926,0,0,0,0
2010-09-01,102.9,341.83597150500674,10.51314186741006,1.7,2.9,1.2,2.8,1.4,1.8,5.7,-1.1,1.6,1.4,2.0,1.9454545454545453,103.4,11.18279569892473,2010=100,97.8,3.2734952481520585,7.9103433333333335,2.0681711858102023,0.0025374376935776155,10.2934425,2.3315070420021753,0.011099798323271681,7.75,1.241136e+18,76.11624098124,271.67359754743,0.0038168579739137343,0.09826532794840492,0,0,0,0
2010-10-01,100.5,343.5451513625317,10.075032286171549,2.0,3.1,1.3,2.5,2.4,1.8,5.2,-0.7,2.0,1.4,2.3,2.118181818181818,109.9,10.452261306532673,2010=100,98.8,5.106382978723412,7.910493548387097,2.068190175330781,1.8989520578660546e-05,10.99377264516129,2.397328989322989,0.06582194732081392,7.75,1.241136e+18,81.71936507937,270.23219586429,0.07102934204658506,-0.00531976258587008,0,0,0,0
2010-11-01,100.3,344.5757868166193,9.204013237418462,1.8,3.0,1.5,2.3,2.4,1.8,4.8,-0.9,1.8,1.4,2.2,2.0090909090909093,107.9,11.23711340206186,2010=100,98.9,4.545454545454564,7.927793333333333,2.0703747287430754,0.002184553412294399,10.866761200000001,2.385708699053216,-0.011620290269773292,7.75,1.241136e+18,84.53406349206,274.08076079559,0.03386357092717862,0.014141236281767,0,0,0,0
2010-12-01,100.8,347.33239311115227,9.095783293674732,2.2,3.4,1.8,2.9,2.8,2.0,5.2,-0.2,2.1,1.8,2.4,2.4,110.4,11.854103343465038,2010=100,98.4,4.904051172707891,7.9557032258064515,2.0738890583611562,0.003514329618080847,10.497462741935482,2.3511335843377608,-0.03457511471545516,7.75,1.241136e+18,90.00596179183,306.5201043804,0.06272133888576992,0.11186053624813841,0,0,0,0
2011-01-01,101.0,350.8057170422638,8.238449043822671,2.5,3.5,2.0,3.0,3.1,2.0,4.9,0.3,2.0,1.9,3.6,2.618181818181818,96.2,9.56719817767655,2010=100,99.6,5.063291139240511,7.949696774193548,2.0731337863279564,-0.0007552720331998053,10.615055,2.3622732764889465,0.01113969215118571,7.75,1.241136e+18,92.6905952381,326.55656760729,0.029391103415054687,0.06331984161371107,0,0,0,0
2011-02-01,100.9,353.9629684956442,7.176246403549613,3.2,3.5,2.3,3.4,3.5,1.8,4.1,0.9,2.2,2.0,3.5,2.7636363636363632,97.3,10.317460317460302,2010=100,100.6,7.021276595744674,7.940792857142857,2.0720131263370916,-0.0011206599908648585,10.839186214285714,2.3831679207105525,0.02089464422160603,7.75,1.241136e+18,97.9141920078,348.1203485495,0.05482448967620712,0.06394506090499164,0,0,0,0
2011-03-01,101.4,358.9184500545832,7.707347723686131,3.3,3.3,2.4,3.3,3.5,2.2,4.3,1.2,2.8,1.8,3.9,2.909090909090909,110.1,8.794466403162037,2010=100,100.3,4.3704474505723345,7.943964516129032,2.072412459981767,0.00039933364467525934,11.093259741935483,2.4063376934229437,0.02316977271239118,7.75,1.241136e+18,108.6452173913,316.74657066378,0.10399618388673293,-0.09444625664562789,0,0,0,0
2011-04-01,101.3,363.58438990529277,9.435850796483503,3.7,3.1,2.7,3.5,3.4,2.2,3.7,1.5,2.9,2.1,4.0,2.9818181818181815,104.2,5.572441742654499,2010=100,100.0,3.950103950103956,7.96495,2.075050665878404,0.0026382058966372135,11.4868845,2.44120590626811,0.03486821284516628,7.75,1.301616e+18,116.24316666667,336.12429558105,0.06759657413200415,0.05937902637256087,0,0,0,0
2011-05-01,100.8,366.4930650245351,10.977200807701571,3.7,2.9,2.5,3.4,3.4,2.2,3.1,1.2,3.0,2.3,3.7,2.854545454545455,104.5,8.967674661105306,2010=100,100.6,2.862985685071573,7.974596774193548,2.0762610861629973,0.0012104202845932832,11.47623593548387,2.4402784569426283,-0.0009274493254816107,7.75,1.301616e+18,108.06851298701,355.27788556364,-0.07291885587784641,0.055419240619974275,0,0,0,0
2011-06-01,100.4,367.9590372846332,11.868583946719236,3.7,3.3,2.4,3.0,3.4,2.3,3.1,1.1,3.0,2.3,3.3,2.8090909090909095,105.5,7.873210633946837,2010=100,98.8,-0.703517587939706,7.973249999999999,2.076092188854687,-0.0001688973083102674,11.467528666666668,2.439519447304393,-0.0007590096382354972,7.75,1.301616e+18,105.84545454546,326.42992919659,-0.02078535125529779,-0.08468494577275809,0,0,0,0
2011-07-01,98.7,363.175569799933,10.635563482376643,3.8,4.0,2.6,3.0,3.7,2.1,2.1,1.0,2.1,3.2,3.0,2.781818181818182,108.2,9.182643794147328,2010=100,100.3,3.402061855670091,7.971203225806452,2.0758354507683063,-0.0002567380863807145,11.378535774193548,2.4317287538288523,-0.007790693475540511,7.75,1.3094784e+18,107.91661111111,303.88392977625,0.01937875530032862,-0.07156949517703204,0,0,0,0
2011-08-01,99.6,361.72286752073325,8.886384613090037,3.7,3.4,2.5,2.7,3.5,2.4,1.4,1.0,2.3,3.2,2.8,2.627272727272727,110.1,10.43129388164492,2010=100,99.9,1.9387755102040938,7.971122580645161,2.0758253336546217,-1.0117113684593448e-05,11.417064967741934,2.4351091631169886,0.0033804092881362102,7.75,1.3094784e+18,100.48642512077,327.06658952609,-0.07133616459426051,0.07351796930867849,0,0,0,0
2011-09-01,100.1,362.08459038825396,5.923489793686221,3.9,3.2,2.8,3.0,3.5,2.4,2.9,1.4,3.7,3.0,3.5,3.027272727272727,112.0,8.317214700193421,2010=100,99.1,1.3292433537832382,7.97283,2.076039511331422,0.00021417767680009803,11.029886433333333,2.400608537050423,-0.034500626066565676,7.75,1.3094784e+18,100.81935064935,315.91622907614,0.003307662990205351,-0.03468670727843115,0,0,0,0
2011-10-01,100.0,362.08459038825396,5.396507257399241,3.8,3.2,2.8,3.0,3.2,2.5,2.9,1.6,3.7,2.8,4.0,3.0454545454545454,118.4,7.734303912647866,2010=100,98.4,-0.4048582995951344,7.974674193548387,2.076270794362826,0.00023128303140396156,10.913688032258063,2.390017784175375,-0.010590752875047738,7.75,1.3094784e+18,99.84775396825,289.01083578214,-0.009683742390683037,-0.0890128991165513,0,0,0,0
2011-11-01,100.1,362.4466749786422,5.186344730465242,3.8,3.5,2.7,2.9,3.2,2.7,2.8,1.8,3.7,2.6,3.8,3.0454545454545454,114.8,6.394810009267826,2010=100,99.1,0.2022244691607611,7.9839199999999995,2.0774295189188816,0.0011587245560558124,10.839254533333333,2.383174223659036,-0.006843560516339053,7.75,1.3201056e+18,105.40501443001,281.0064022425,0.05416364466264145,-0.028086728610056788,0,0,0,0
2011-12-01,100.2,363.17156832859945,4.560235535641044,3.4,3.2,2.2,2.3,2.6,2.7,2.2,1.5,3.7,2.5,3.5,2.709090909090909,114.3,3.532608695652173,2010=100,98.5,0.10162601626015899,7.989751612903226,2.0781596720488102,0.0007301531299286346,10.544438032258066,2.3555985201690732,-0.027575703489962855,7.75,1.3226976e+18,104.23047619048,269.0300071375,-0.011205645821219967,-0.04355452877778987,0,0,0,0
2012-01-01,100.2,363.89791146525664,3.732035650210208,2.9,3.3,2.4,2.0,3.0,2.6,2.1,1.2,3.4,2.9,3.3,2.645454545454545,98.5,2.3908523908523938,2010=100,97.9,-1.7068273092369357,7.989793548387096,2.0781649206943067,5.248645496447324e-06,10.301421032258064,2.332281850016291,-0.02331667015278205,7.75,1.3226976e+18,107.07457226399,274.89317414625,0.026920964369034905,0.021559640469805075,0,0,0,0
2012-02-01,100.2,364.62570728818713,3.0123882274634584,2.6,3.4,2.6,1.9,3.0,2.5,1.7,1.5,3.5,2.9,3.5,2.645454545454545,100.2,2.9804727646454365,2010=100,96.4,-4.174950298210723,7.988448275862068,2.0779965326397254,-0.00016838805458130324,10.543837965517241,2.355541610183539,0.023259760167247734,7.75,1.3226976e+18,112.68752380952,277.7729592825,0.05109318349084635,0.01042152223926518,0,0,0,0
2012-03-01,100.3,365.71958441005165,1.8948968364357333,2.6,3.1,2.3,1.8,2.9,2.6,1.3,2.2,3.8,2.9,3.1,2.6,110.3,0.18165304268846771,2010=100,98.1,-2.193419740777669,7.9862419354838705,2.077720303133796,-0.00027622950592931517,10.532620774193548,2.3544771816169265,-0.0010644285666123743,7.67741935483871,1.3226976e+18,117.785,283.87825408636,0.04424221639302495,0.021741376669343282,0,0,0,0
2012-04-01,100.0,365.71958441005165,0.5872624249118719,2.3,2.9,2.2,2.0,3.0,2.4,1.5,1.8,3.7,2.8,2.9,2.4999999999999996,105.4,1.151631477927073,2010=100,97.1,-2.9000000000000026,7.98672,2.0777801623531698,5.985921937368133e-05,10.511168366666668,2.352438345852655,-0.0020388357642713295,7.5,1.3226976e+18,113.6655,266.32392179211,-0.03560100401145583,-0.0638321444335812,0,0,0,0
2012-05-01,99.7,364.6224256568215,-0.510416034090122,2.2,2.6,2.1,1.9,3.1,2.3,0.9,1.8,3.6,2.5,2.7,2.3363636363636364,107.6,2.966507177033484,2010=100,97.7,-2.882703777335971,7.990777419354838,2.0782880540880972,0.0005078917349274903,10.265236774193548,2.3287631163708338,-0.023675229481821436,7.5,1.3226976e+18,104.0860342556,264.35872401848,-0.08804211501877113,-0.0074063351132718225,0,0,0,0
2012-06-01,99.7,363.52855837985106,-1.2040685119400818,2.2,2.2,1.9,1.8,2.9,2.3,1.0,1.8,3.7,2.5,2.7,2.272727272727273,105.3,-0.18957345971564177,2010=100,97.0,-1.8218623481781382,7.992499999999999,2.0785036019518595,0.00021554786376221102,10.011885266666667,2.3037729139220313,-0.024990202448802457,7.5,1.3226976e+18,90.72825396825,276.1899195,-0.13734899087842134,0.043781759296498635,0,0,0,0
2012-07-01,99.8,362.8015012630914,-0.10299936668307641,2.1,2.0,1.9,2.2,3.1,2.2,0.9,2.0,3.6,2.6,2.8,2.309090909090909,109.8,1.4787430683918634,2010=100,97.4,-2.891326021934193,7.992870967741935,2.078550015356059,4.6413404199530106e-05,9.829140451612902,2.2853514889943427,-0.018421424927688612,7.5,1.3411008e+18,96.75411255411,345.68794675714,0.06430401928979723,0.22444773692130493,0,0,0,0
2012-08-01,99.7,361.71309675930206,-0.002701173276142832,2.3,2.6,2.3,2.7,3.3,2.4,1.1,2.6,3.4,2.6,3.1,2.581818181818182,107.3,-2.5431425976385036,2010=100,97.9,-2.0020020020020013,7.993,2.078566158643882,1.6143287822956154e-05,9.889687322580645,2.291492529622266,0.0061410406279232,7.5,1.3411008e+18,105.27363699103,349.40035068261,0.08439018880979532,0.01068192124343259,0,0,0,0
2012-09-01,100.1,362.07480985606134,-0.002701173276153934,2.8,2.6,2.2,3.5,3.4,2.2,0.3,2.5,3.4,2.5,2.9,2.5727272727272728,107.4,-4.107142857142854,2010=100,96.5,-2.6236125126135157,7.993,2.078566158643882,0.0,10.247958466666667,2.327078511762905,0.03558598214063924,7.5,1.3411008e+18,106.28496491228,353.42092377237,0.009560808360904005,0.011441363815129613,0,0,0,0
2012-10-01,100.0,362.07480985606134,-0.002701173276153934,2.9,2.7,2.1,3.5,3.5,2.1,0.9,2.0,2.8,3.3,2.1,2.5363636363636366,115.0,-2.871621621621623,2010=100,95.5,-2.9471544715447218,7.993,2.078566158643882,0.0,10.372928580645162,2.339199391305499,0.012120879542593777,7.5,1.3411008e+18,103.40786561265,358.195666995,-0.02744280626041018,0.013419627759931885,0,0,0,0
2012-11-01,99.9,361.7127350462053,-0.20249597612673753,2.9,2.2,1.9,3.0,3.2,1.6,0.4,1.5,2.6,3.2,1.9,2.2181818181818183,111.9,-2.5261324041811806,2010=100,94.9,-4.238143289606445,7.993,2.078566158643882,0.0,10.256004966666667,2.327863384447568,-0.011336006857931125,7.5,1.3411008e+18,101.17441558442,360.8228394,-0.02183511447521891,0.0073076953459985106,0,0,0,0
2012-12-01,100.2,362.4361605162977,-0.20249597612672643,2.9,2.1,2.1,3.0,3.4,1.5,0.3,1.7,2.6,3.4,2.1,2.2818181818181817,107.8,-5.686789151356075,2010=100,95.2,-3.3502538071065957,7.993,2.078566158643882,0.0,10.484753354838709,2.3499221404566653,0.022058756009097458,7.5,1.3411008e+18,101.19366666667,347.9625549,0.00019025808906203423,-0.03629221516838754,0,0,0,0
2013-01-01,100.2,363.16103283733037,-0.20249597612670422,2.8,1.5,1.9,2.8,2.6,1.4,0.0,1.5,2.4,3.2,0.4,1.8636363636363633,95.2,-3.3502538071065957,2010=100,94.4,-3.5750766087844776,7.993,2.078566158643882,0.0,10.597196806451613,2.360589513922821,0.010667373466155539,7.5,1.3411008e+18,105.10021645022,335.4697071,0.03787816480020201,-0.03656321259111017,0,0,0,0
2013-02-01,99.9,362.797871804493,-0.5012908983538678,2.6,1.5,1.8,2.9,2.4,1.2,0.1,1.2,2.0,3.2,0.2,1.736363636363636,94.5,-5.688622754491024,2010=100,94.7,-1.763485477178428,7.993,2.078566158643882,0.0,10.699772392857144,2.370222469546021,0.00963295562319999,7.5,1.3411008e+18,107.63743567252,318.9350556,0.023854165041300668,-0.05054416593461841,0,0,0,0
2013-03-01,100.0,362.797871804493,-0.7988942157067469,2.4,1.4,1.9,2.6,2.5,1.1,-0.2,0.6,1.8,3.2,0.7,1.6363636363636365,105.2,-4.623753399818675,2010=100,95.3,-2.854230377166156,7.993,2.078566158643882,0.0,10.364549,2.338391233122456,-0.03183123642356467,7.5,1.3411008e+18,102.5225,309.7491381,-0.04868621570704512,-0.029224756658494222,0,0,0,0
2013-04-01,100.0,362.797871804493,-0.7988942157067469,2.1,1.2,1.1,1.5,2.4,0.8,-0.6,0.5,1.2,2.8,0.4,1.2181818181818183,103.3,-1.9924098671726842,2010=100,95.9,-1.2358393408856694,7.993,2.078566158643882,0.0,10.396441933333334,2.341463625815442,0.0030723926929860923,7.5,1.3411008e+18,98.85196969697,308.2793913,-0.03645881114612415,-0.004756251534649536,0,0,0,0
2013-05-01,100.1,363.1606696762975,-0.4008957973143934,2.4,1.2,1.5,1.8,2.5,0.9,-0.3,0.4,1.2,3.1,0.9,1.418181818181818,98.0,-8.921933085501854,2010=100,95.7,-2.0470829068577223,7.993,2.078566158643882,0.0,10.384428258064517,2.3403074012207505,-0.0011562245946916683,7.5,1.3673664e+18,99.36663341489,319.669929,0.005192901840540998,0.03628250518142373,0,0,0,0
2013-06-01,100.0,363.1606696762975,-0.10119939550089496,2.2,1.6,2.0,2.2,2.3,1.0,-0.2,0.7,1.2,3.2,1.2,1.5818181818181818,99.5,-5.508072174738842,2010=100,96.3,-0.7216494845360799,7.993,2.078566158643882,0.0,10.527660233333334,2.3540061013924816,0.013698700171731026,7.15,1.3673664e+18,99.74266666667,313.4235051,0.0037771585626158455,-0.019733664156951214,0,0,0,0
2013-07-01,99.9,362.7975090066212,-0.0011003968992007174,2.1,1.6,2.0,1.9,2.5,1.2,-0.5,0.8,1.2,3.1,0.8,1.518181818181818,105.1,-4.280510018214933,2010=100,95.7,-1.7453798767967155,7.993,2.078566158643882,0.0,10.448810612903227,2.3464881549861203,-0.0075179464063612755,7.0,1.3673664e+18,105.25790513834,304.6050243,0.053820042003425606,-0.028539392356383253,0,0,0,0
2013-08-01,99.3,360.2579264435749,-0.40229959289959094,2.0,1.1,1.5,1.6,2.1,1.0,-1.0,0.1,1.1,2.8,0.2,1.136363636363636,102.6,-4.380242311276794,2010=100,96.1,-1.838610827374887,7.993,2.078566158643882,0.0,10.636078903225807,2.3642518918588795,0.017763736872759228,6.693548387096774,1.3673664e+18,108.15763636364,305.3398977,0.027176180964284313,0.002409639720152512,0,0,0,0
2013-09-01,100.0,360.2579264435749,-0.501797795104475,1.8,1.0,1.5,0.5,1.8,1.0,-1.0,0.0,0.9,2.4,0.3,0.9272727272727274,102.3,-4.748603351955316,2010=100,96.5,0.0,7.993,2.078566158643882,0.0,10.667298033333333,2.367182803004921,0.0029309111460413817,6.5,1.3673664e+18,108.75773015873,307.50777423,0.0055329904528989005,0.007074794183380639,0,0,0,0
2013-10-01,100.4,361.6989581493492,-0.10380498628489443,1.5,0.7,1.2,0.0,1.7,0.7,-1.9,-0.1,0.7,1.3,0.0,0.5272727272727273,110.0,-4.347826086956519,2010=100,96.2,0.732984293193728,7.993,2.078566158643882,0.0,10.89765635483871,2.388547752798871,0.021364949793950316,6.5,1.3673664e+18,105.42713438735,325.6867049625,-0.031102704381976487,0.057435522585332244,0,0,0,0
2013-11-01,100.2,362.4223560656479,0.19618358732984564,1.5,0.9,1.6,0.3,1.8,0.8,-2.9,0.3,0.6,1.2,0.1,0.5636363636363636,107.7,-3.753351206434319,2010=100,96.9,2.1074815595363505,7.993,2.078566158643882,0.0,10.785248066666666,2.3781792806583484,-0.010368472140522833,6.5,1.383264e+18,102.62649122807,306.75162817895,-0.026923946466959947,-0.05989750014732742,0,0,0,0
2013-12-01,100.5,364.2344678459761,0.4961721609445968,2.0,1.2,1.2,0.3,1.9,0.8,-1.8,0.3,0.6,1.4,0.2,0.7363636363636362,107.8,0.0,2010=100,96.9,1.7857142857142794,7.993,2.078566158643882,0.0,10.940689516129034,2.39248882207618,0.014309541417831806,6.5,1.383264e+18,105.48165079365,291.55664720357,0.02744091314966468,-0.05080407447345969,0,0,0,0
2014-01-01,100.2,364.962936781668,0.4961721609445746,1.5,1.1,1.1,0.3,1.9,0.8,-1.4,0.3,0.6,0.8,0.1,0.6454545454545454,112.8,,2016=100,96.7,2.4364406779660897,7.993,2.078566158643882,0.0,10.91565329032258,2.3901978407369344,-0.002290981339245768,6.5,1.383264e+18,102.09666666667,275.577525,-0.03261693475595706,-0.056365330473017394,0,0,0,0
2014-02-01,100.6,367.152714402358,1.200349543453716,1.5,0.8,1.0,0.1,1.6,1.1,-0.9,0.1,0.4,0.4,-0.1,0.5454545454545454,108.8,,2016=100,96.8,2.2175290390707536,8.654882142857144,2.158123571303469,0.07955741265958727,11.80315867857143,2.46836718027518,0.07816933953824545,6.5,1.383264e+18,104.82666666667,292.1121765,0.026388115538805934,0.058268908123975116,0,1,0,0
2014-03-01,102.2,375.2300741192099,3.426757233409705,1.5,0.8,0.7,-0.2,1.3,0.8,-1.5,0.2,0.3,0.1,-0.4,0.3272727272727272,117.6,,2016=100,96.4,1.1542497376705319,9.920029032258064,2.2945558479314165,0.13643227662794732,13.690966129032256,2.6167362086899186,0.14836902841473876,6.5,1.383264e+18,104.04,323.7117327,-0.007532751865076293,0.10271551128184786,0,1,0,0
2014-04-01,103.3,387.6126665651438,6.8398402221122145,1.6,0.8,1.1,0.3,1.3,0.8,-1.6,0.3,0.5,0.6,-0.1,0.5090909090909091,112.0,,2016=100,97.0,1.147028154327412,11.637127166666666,2.454200604854035,0.15964475692261848,16.0799589,2.7775737077774045,0.1608374990874859,8.1,1.383264e+18,104.86666666667,324.8140428,0.007914261375648657,0.0033994367014642535,0,1,0,0
2014-05-01,103.8,402.34194789461924,10.788965185367093,1.5,0.7,0.7,0.2,1.0,0.8,-2.1,0.4,0.4,0.1,-0.3,0.30909090909090914,111.5,,2016=100,95.9,0.2089864158829613,11.643625741935484,2.4547588836573984,0.0005582788033633435,16.005844032258064,2.7729539075676306,-0.004619800209773928,9.5,1.383264e+18,105.71333333333,334.7348337,0.008041326137180782,0.030085834622314955,0,1,0,0
2014-06-01,101.0,406.36536737356545,11.896854837220761,1.7,0.6,0.9,0.0,1.1,0.6,-1.5,0.5,0.3,0.3,-0.2,0.3909090909090908,109.6,,2016=100,96.3,0.0,11.8095251,2.468906417715747,0.014147534058348565,16.043545266666666,2.7753066046157544,0.0023526970481237974,9.5,1.4015808e+18,108.37333333333,306.4422078,0.0248510281886416,-0.08830949490121132,0,1,0,0
2014-07-01,100.4,407.9908288430597,12.456899155725365,1.7,0.5,0.7,-0.4,1.0,0.6,-0.8,0.4,0.0,0.3,-0.7,0.30000000000000004,108.8,,2016=100,96.8,1.1494252873563093,11.758699838709678,2.4645933784256515,-0.004313039290095411,15.937502419354837,2.7686749747212898,-0.006631629894464641,10.951612903225806,1.4015808e+18,105.22666666667,280.3542021,-0.02946530267569436,-0.08897537107428999,0,1,0,0
2014-08-01,100.8,411.2547554738042,14.155643855962929,1.5,0.4,0.8,-0.5,1.2,0.5,-0.2,0.6,-0.1,0.4,-0.1,0.40909090909090917,97.9,,2016=100,95.0,-1.144640998959412,12.974419322580646,2.56297967449215,0.09838629606649851,17.27972593548387,2.849533903035081,0.08085892831379127,12.5,1.4015808e+18,100.05,263.4521139,-0.05044669257648504,-0.06218219068483677,0,1,0,0
2014-09-01,102.9,423.18114338254463,17.466157527785864,1.4,0.2,0.8,-0.3,1.5,0.4,-1.1,0.5,-0.1,0.3,0.0,0.3272727272727272,103.0,,2016=100,96.1,-0.4145077720207335,13.0123784,2.565901089036713,0.0029214145445628503,16.806339266666665,2.8217561525369845,-0.0277777504980965,12.5,1.4095296e+18,95.85,243.6105321,-0.042885591538088796,-0.07830085041375767,0,1,0,0
2014-10-01,102.4,433.3374908237257,19.806120825152117,1.4,0.3,0.7,-0.2,1.2,0.5,-1.8,0.4,0.2,0.4,0.1,0.2909090909090909,112.0,,2016=100,96.1,-0.10395010395011228,12.949849741935484,2.5610841851388875,-0.004816903897825409,16.423584967741935,2.79871840953263,-0.02303774300435446,12.5,1.4095296e+18,86.08,245.4477156,-0.10750737307817904,0.007513183350782882,0,1,0,0
2014-11-01,101.9,441.57090314937653,21.838759601626776,1.5,0.1,0.5,-0.5,1.1,0.4,-1.2,0.2,0.3,0.3,0.1,0.2545454545454545,111.3,,2016=100,95.7,-1.2383900928792602,14.7313455,2.6899775704984314,0.12889338535954398,18.3954736,2.9121046343519765,0.11338622481934646,13.4,1.4095296e+18,76.99333333333,258.6754368,-0.1115582583946857,0.05249018262139682,0,1,0,0
2014-12-01,103.0,454.81803024385783,24.869574517090133,0.8,-0.4,0.1,-1.1,0.6,0.1,-2.5,-0.3,0.0,-0.1,-0.3,-0.2818181818181818,110.2,,2016=100,96.9,0.0,15.62919841935484,2.7491408583681074,0.05916328786967595,19.270440999999998,2.9585723674783697,0.046467733126393185,14.0,1.4095296e+18,60.70333333333,269.6985378,-0.2377202265792251,0.041730672456472995,0,1,0,0
2015-01-01,103.1,468.9173891814174,28.48356419872249,0.5,-0.6,-0.5,-1.5,-0.1,-0.4,-2.8,-0.4,-0.5,-0.7,-0.4,-0.6727272727272728,94.2,-16.48936170212766,2016=100,96.5,-0.20682523267838704,15.818962580645161,2.761209383744599,0.01206852537649139,18.519162387096774,2.918806000716664,-0.03976636676170564,14.0,1.4095296e+18,47.10666666667,248.3872092,-0.253584077616658,-0.08231595257155178,0,1,0,0
2015-02-01,105.3,493.77001080803245,34.486275448563376,0.5,-0.4,-0.2,-1.2,-0.1,-0.3,-1.9,-0.4,0.1,-0.5,-0.1,-0.4090909090909091,90.8,-16.54411764705882,2016=100,96.6,-0.20661157024793875,24.687130357142856,3.2062820696740197,0.44507268592942095,28.03143382142857,3.3333265169696906,0.41452051625302655,18.517857142857142,1.4095296e+18,54.79,236.9966715,0.1510931617274185,-0.046942759247190935,0,1,0,0
2015-03-01,110.8,547.0971719753,45.80312445891215,0.9,-0.1,0.3,-0.8,0.0,0.0,-1.9,-0.2,0.0,-0.3,0.4,-0.1545454545454545,97.3,-17.261904761904756,2016=100,97.2,0.8298755186721962,23.186529741935484,3.143571495478605,-0.06271057419541481,25.227961677419355,3.2279529697507567,-0.10537354721893388,28.983870967741936,1.4095296e+18,52.82666666667,230.7502476,-0.03649158182807488,-0.026710150327573956,0,1,0,0
2015-04-01,114.0,623.6907760518418,60.90567462067749,0.9,0.4,1.0,-0.7,-0.1,0.1,-1.8,-0.3,-0.1,0.0,0.5,-0.00909090909090911,93.4,-16.607142857142854,2016=100,97.0,0.0,22.7094725,3.1227821281946846,-0.020789367283920335,24.465261100000003,3.197254197073265,-0.03069877267749188,30.0,1.4095296e+18,57.54333333333,223.4015136,0.08552217343804047,-0.03236528450203213,0,1,0,0
2015-05-01,102.2,637.4119731249824,58.42543300802738,1.0,0.8,1.6,-0.3,0.1,0.3,-1.4,0.2,0.2,0.7,1.0,0.3818181818181819,93.4,-16.233183856502244,2016=100,97.4,1.564129301355588,20.915255677419356,3.040478829415156,-0.08230329877952869,23.32622922580645,3.1495784452722084,-0.04767575180105643,30.0,1.4095296e+18,62.50666666667,215.3179062,0.08273493056030201,-0.03685509238915419,0,1,0,0
2015-06-01,100.4,639.9616210174823,57.48429182184107,1.0,0.9,1.1,0.0,0.1,0.3,-1.1,0.4,0.2,0.5,0.8,0.38181818181818183,93.6,-14.598540145985407,2016=100,97.4,1.1422637590861928,21.232832466666665,3.055548684934773,0.015069855519616926,23.839290766666668,3.1713350920342593,0.021756646762050913,30.0,1.4095296e+18,61.30666666667,209.8063557,-0.01938462593372048,-0.02593057992100256,0,1,0,0
2015-07-01,99.0,633.5620048073075,55.2882957207397,1.1,0.9,1.3,0.0,-0.1,0.2,-1.3,0.2,0.4,0.8,0.7,0.38181818181818183,94.4,-13.235294117647056,2016=100,98.0,1.2396694214876103,21.75737322580645,3.0799526989752057,0.02440401404043291,23.93809258064516,3.1754710219616697,0.004135929927410409,30.0,1.4095296e+18,54.34,197.3135079,-0.12062798778866934,-0.06139111514714557,0,1,0,0
2015-08-01,99.2,628.493508768849,52.82340213787078,1.0,0.8,1.1,-0.5,-0.2,0.1,-0.4,0.2,0.3,0.4,0.7,0.3181818181818182,90.6,-7.456588355464766,2016=100,96.5,1.5789473684210575,21.626867290322583,3.0739363977755474,-0.006016301199658347,24.013916032258063,3.178633496986192,0.003162475024522049,29.612903225806452,1.4095296e+18,45.69,179.6765463,-0.17338114842302144,-0.0936356050339926,0,1,0,0
2015-09-01,102.3,642.9488594705325,51.93230358313099,0.6,0.9,0.8,-1.1,-0.7,0.1,-0.8,-0.1,0.2,0.3,0.9,0.09999999999999996,96.3,-6.504854368932045,2016=100,97.2,1.1446409989594342,21.7834192,3.0811490932459207,0.007212695470373287,24.456076433333333,3.1968787099243974,0.01824521293820558,26.0,1.4095296e+18,46.28,172.695249,0.012830446750295543,-0.03962979477076711,0,1,0,0
2015-10-01,98.7,634.5905242974155,46.442562145068614,0.7,1.2,1.2,-0.9,-0.3,0.2,-0.1,-0.1,0.3,0.4,0.7,0.2999999999999999,104.1,-7.053571428571437,2016=100,97.6,1.5608740894901052,21.841307419354838,3.083803012608528,0.002653919362607393,24.555036677419356,3.2009169931744483,0.004038283250050956,22.0,1.4095296e+18,46.95666666667,172.709946468,0.014515288278701188,8.510276163598007e-05,0,1,0,0
2015-11-01,102.0,647.2823347833639,46.586274178577035,0.5,1.4,0.2,-0.4,-0.2,0.1,-0.1,-0.1,0.1,0.4,0.6,0.22727272727272732,101.7,-8.625336927223714,2016=100,97.3,1.6718913270637348,23.312625099999998,3.1489950636094752,0.06519205100094716,25.0679541,3.2215903013411262,0.020673308166677895,22.0,1.4095296e+18,43.11333333333,177.1044894,-0.08539288325391725,0.025126316584859865,0,1,0,0
2015-12-01,100.7,651.8133111268475,43.3129884444923,1.1,1.5,0.2,-0.1,-0.2,0.3,0.4,0.2,0.1,0.5,0.3,0.3909090909090909,104.6,-5.081669691470059,2016=100,97.1,0.20639834881319707,23.408386193548388,3.1530943424990023,0.004099278889527103,25.42708222580645,3.2358148353681457,0.014224534027019509,22.0,1.448928e+18,36.57333333333,189.2299005,-0.16451292994905797,0.06622278661313619,0,1,0,0
2016-01-01,100.9,657.6796309269893,40.254903337044404,1.4,1.8,0.4,-0.4,0.0,0.3,-0.1,0.0,0.4,0.2,0.7,0.4272727272727273,94.3,0.10615711252652815,2016=100,99.0,2.590673575129543,24.259692548387097,3.1888162302446297,0.035721887745627345,26.348947838709677,3.2714283439703924,0.03561350860224666,22.0,1.448928e+18,29.78,193.2717042,-0.2054823501453389,0.021134312073972872,0,0,0,1
2016-02-01,99.6,655.0489124032812,32.66275757236108,1.0,1.1,-0.1,-1.0,-0.1,-0.1,0.1,-0.2,-0.2,0.3,0.2,0.09090909090909091,98.3,8.25991189427313,2016=100,98.5,1.9668737060041463,26.393052206896552,3.27310080153473,0.08428457129010036,29.332260896551727,3.3786879647969235,0.10725962082653107,22.0,1.448928e+18,31.03,187.0252803,0.041117451204426114,-0.03285319618718674,0,0,0,1
2016-03-01,101.0,661.5994015273141,20.92904796758548,0.7,1.6,0.1,-1.0,0.0,-0.1,-0.7,-0.6,-0.2,0.5,0.5,0.07272727272727271,100.3,3.083247687564228,2016=100,97.9,0.7201646090535085,26.35616216129032,3.2717021057603097,-0.001398695774420311,29.21612416129032,3.37472075417387,-0.0039672106230534965,22.0,1.4567904e+18,37.34,191.067084,0.18511065965328743,0.021380795024950494,0,0,0,1
2016-04-01,103.5,684.7553805807701,9.790846181097358,0.6,1.5,-0.3,-1.2,0.3,-0.1,-0.4,-0.2,-0.4,-0.2,0.5,0.0090909090909091,97.3,4.175588865096347,2016=100,99.0,2.0618556701030855,25.629497566666664,3.2437439368544,-0.02795816890590963,29.06241203333333,3.3694456565329585,-0.005275097640911497,21.1,1.4567904e+18,40.75,187.392717,0.0873907015732951,-0.019418085857101808,0,0,0,1
2016-05-01,100.1,685.4401359613507,7.5348698897049315,0.6,1.6,-0.1,-1.1,0.3,0.1,-0.2,-0.2,-0.3,-0.2,0.4,0.08181818181818185,94.4,1.0706638115631772,2016=100,97.6,0.2053388090349051,25.2077564516129,3.227151742856924,-0.016592193997476024,28.503148580645163,3.35001455768639,-0.019431098846568684,18.838709677419356,1.4567904e+18,45.93666666667,171.9603756,0.1198077965321449,-0.08594242980072497,0,0,0,1
2016-06-01,99.8,684.069255689428,6.8922312250254025,0.6,1.8,0.1,-0.9,0.3,0.3,0.2,0.1,-0.2,-0.2,0.7,0.2545454545454545,91.8,-1.9230769230769162,2016=100,98.1,0.7186858316221567,24.951341333333335,3.216927581607508,-0.010224161249416053,28.097161633333332,3.335668561747981,-0.014345995938408684,17.65,1.4567904e+18,47.68666666667,173.0626857,0.037388197793181366,0.006389798098771493,0,0,0,1
2016-07-01,99.9,683.3851864337387,7.863978781616554,0.6,2.0,0.3,-0.7,0.5,0.4,0.2,0.1,-0.2,-0.6,0.7,0.3,95.8,1.483050847457612,2016=100,98.2,0.20408163265306367,24.816781,3.2115200775701673,-0.0054075040373406935,27.48915322580645,3.313791498712789,-0.0218770630351921,16.403225806451612,1.4567904e+18,44.12666666667,151.7513571,-0.07758754798945544,-0.13141050105538543,0,0,0,1
2016-08-01,99.7,681.3350308744375,8.407648029507797,0.6,2.0,0.3,-0.3,0.5,0.4,0.4,-0.4,-0.1,0.1,0.8,0.3909090909090909,95.4,5.298013245033117,2016=100,99.3,2.901554404145079,25.06480919354839,3.221464838220838,0.009944760650670847,28.11343577419355,3.3362476034968864,0.02245610478409743,15.5,1.4567904e+18,44.87666666667,149.1793002,0.01685370030036548,-0.01709443335929972,0,0,0,1
2016-09-01,101.8,693.5990614301774,7.877796377359658,1.1,1.8,0.6,0.0,0.5,0.5,-0.1,-0.3,0.1,-0.1,0.7,0.43636363636363645,101.1,4.984423676012462,2016=100,98.8,1.6460905349794164,26.2754622,3.2686355074741393,0.047170669253301156,29.47275146666667,3.3834661573953215,0.0472185538984351,15.25,1.4567904e+18,45.04333333333,150.649047,0.0037070030587029734,0.009804000096620413,0,0,0,1
2016-10-01,102.8,713.0198351502223,12.359042224848782,1.4,1.9,0.7,0.5,0.6,0.5,0.6,-0.4,-0.1,0.3,1.1,0.6454545454545454,109.4,5.091258405379451,2016=100,99.1,1.5368852459016313,25.757272387096776,3.2487170100358083,-0.019918497438331073,28.45451112903226,3.348306711413115,-0.03515944598220644,14.870967741935484,1.4567904e+18,49.29333333333,151.7513571,0.09016385601844279,0.007290433262679308,0,0,0,1
2016-11-01,101.8,725.8541921829262,12.138730377349049,1.5,1.7,0.8,0.5,0.6,0.7,-0.2,-0.2,0.1,0.4,0.5,0.5818181818181818,110.6,8.7512291052114,2016=100,99.7,2.466598150051391,25.700937800000002,3.246527481507794,-0.0021895285280142396,27.784386533333336,3.324474227428694,-0.02383248398442106,14.0,1.4567904e+18,45.26,150.649047,-0.08536520519486235,-0.007290433262679308,0,0,0,1
2016-12-01,100.9,732.3868799125728,12.361448809081654,1.6,2.2,1.6,1.4,1.1,0.8,0.3,-0.2,0.5,0.7,0.9,0.9909090909090911,111.5,6.596558317399626,2016=100,99.4,2.3686920700308978,26.20452493548387,3.265932103316051,0.019404621808257083,27.629384129032257,3.3188798487495954,-0.005594378679098622,14.0,1.4567904e+18,52.62,141.8305662,0.15067263540675535,-0.06031979023352285,0,0,0,1
2017-01-01,101.1,740.4431355916109,12.584167240814171,2.1,3.1,1.7,2.9,0.9,1.6,1.5,0.2,1.0,1.6,1.3,1.6272727272727274,98.3,4.241781548250256,2016=100,98.8,-0.20202020202020332,27.15061190322581,3.3013995839980077,0.0354674806819566,28.799673903225806,3.360364064273137,0.041484215523541756,14.0,1.4567904e+18,53.59,153.2211039,0.018266207894612307,0.07724885233397139,0,0,0,1
2017-02-01,101.0,747.8475669475271,14.166675615685076,2.4,3.3,2.1,3.0,1.4,1.4,1.4,0.3,1.6,1.7,1.6,1.8363636363636366,95.0,-3.3570701932858604,2016=100,100.1,1.624365482233503,27.02777107142857,3.296864895601836,-0.00453468839617166,28.809857607142856,3.3607176066039335,0.00035354233079631925,14.0,1.4567904e+18,54.35333333333,155.0582874,0.014143459059834829,0.01191909223720966,0,0,0,1
2017-03-01,101.8,761.3088231525826,15.070966115611274,2.1,2.5,1.5,2.1,0.9,1.4,1.7,0.6,1.4,0.6,1.4,1.4727272727272727,101.1,0.7976071784645988,2016=100,100.2,2.3493360572012234,27.00156241935484,3.2958947317135894,-0.0009701638882466668,28.81714093548387,3.360970381468632,0.0002527748646983241,14.0,1.4567904e+18,50.90333333333,154.323414,-0.06557753326967886,-0.004750602758597289,0,0,0,1
2017-04-01,100.9,768.1606025609559,12.180294503045207,2.3,2.7,2.0,2.6,1.0,1.4,1.6,0.7,2.0,1.4,2.4,1.8272727272727267,94.4,-2.9804727646454143,2016=100,100.7,1.7171717171717171,26.856827099999997,3.290520056790629,-0.0053746749229603985,28.766645266666668,3.359216565504426,-0.0017538159642058737,13.433333333333334,1.4567904e+18,52.16333333333,166.0813884,0.02445141220999192,0.07342746855481685,0,0,0,1
2017-05-01,101.3,778.1466903942483,13.525113218366446,2.1,1.9,1.3,2.0,0.9,0.9,1.5,0.0,1.6,0.7,1.7,1.3272727272727272,97.7,3.495762711864403,2016=100,101.4,3.893442622950838,26.423693,3.2742610697951413,-0.016258986995487668,29.16227029032258,3.3728757604308877,0.013659194926461726,12.903225806451612,1.4567904e+18,49.89333333333,180.4114197,-0.04449242820924937,0.08276194796228964,0,0,0,1
2017-06-01,101.6,790.5970374405563,15.57266035056144,2.0,1.5,1.7,1.6,0.9,0.8,0.9,-0.6,1.2,1.0,1.0,1.090909090909091,97.4,6.100217864923763,2016=100,101.5,3.4658511722732044,26.108858166666668,3.262274650106626,-0.011986419688515326,29.2599545,3.3762198405668458,0.003344080135958105,12.5,1.4567904e+18,46.16666666667,189.5973372,-0.07762935633830192,0.04966263768704238,0,0,0,1
2017-07-01,100.2,792.1782315154373,15.919725396659201,2.0,1.8,1.7,1.7,0.6,0.8,0.9,-0.2,1.2,1.5,1.0,1.1818181818181819,96.7,0.9394572025052339,2016=100,101.8,3.665987780040725,25.96931522580645,3.256915657433543,-0.005358992673083041,29.839433483870966,3.395830790030373,0.01961094946352704,12.5,1.4567904e+18,47.65666666667,202.4576217,0.03176449241367729,0.06562804367135122,0,0,0,1
2017-08-01,99.9,791.386053283922,16.152262458638454,2.1,2.0,1.9,2.0,0.8,1.0,0.6,0.4,1.4,1.5,1.3,1.3636363636363638,98.2,2.9350104821803003,2016=100,103.1,3.8267875125881146,25.635271419354837,3.2439691930225947,-0.012946464410948266,30.23248629032258,3.408917051202373,0.013086261172000402,12.5,1.4567904e+18,49.94333333333,171.2255022,0.04686650001384374,-0.1675491750272684,0,0,0,1
2017-09-01,102.0,807.2137743496006,16.38045943792854,2.5,2.0,1.9,1.8,0.8,1.1,1.0,0.2,1.3,1.4,1.6,1.4181818181818182,101.9,0.791295746785381,2016=100,102.2,3.4412955465587203,26.108607100000004,3.2622650339115316,0.018295840888936876,31.084048066666664,3.4366947636933314,0.027777712490958173,12.5,1.4567904e+18,52.95,178.5742362,0.05845904266053914,0.042022989774848085,0,0,0,1
2017-10-01,101.2,816.9003396417958,14.569090419439368,2.4,1.8,1.5,1.7,0.5,1.2,0.5,0.5,1.1,1.3,1.9,1.309090909090909,110.8,1.279707495429605,2016=100,102.3,3.229061553985879,26.654977096774196,3.282975891027467,0.020710857115935344,31.38347735483871,3.4462815555325,0.009586791839168551,12.661290322580646,1.4567904e+18,54.92,175.6347426,0.03652950885235429,-0.016597891409038112,0,0,0,1
2017-11-01,100.9,824.252442698572,13.556200622018032,2.4,2.1,1.7,1.8,0.9,1.2,1.1,0.5,1.1,1.5,1.8,1.4636363636363634,111.2,0.5424954792043524,2016=100,103.9,4.212637913741224,26.70527463333333,3.284861097705652,0.0018852066781849253,31.317664,3.444182283411251,-0.0020992721212489407,13.5,1.4567904e+18,59.93333333333,179.6765463,0.08735525246958442,0.022751756983415916,0,0,0,1
2017-12-01,101.0,832.4949671255578,13.668743932842586,2.3,2.1,1.5,1.2,0.5,1.2,1.0,0.5,1.0,1.2,1.6,1.2818181818181817,110.9,-0.5381165919282505,2016=100,104.6,5.231388329979869,27.516507935483872,3.3147861131344674,0.029925015428815538,32.577239,3.483613854340338,0.03943157092908711,14.048387096774194,1.4567904e+18,61.18666666667,184.0857867,0.02069646748922338,0.02424361160999311,0,0,0,1
2018-01-01,101.5,844.982391632441,14.118471900925055,1.9,1.8,1.5,0.7,0.8,1.5,0.2,0.3,1.2,1.5,1.1,1.1363636363636362,102.1,3.8657171922685585,2016=100,102.7,3.9473684210526327,28.434328612903226,3.3475971691877042,0.032811056053236864,34.60219519354839,3.5439171249513786,0.06030327061104046,14.790322580645162,1.4567904e+18,66.22666666667,192.1693941,0.07915390071251238,0.042975362980057774,0,0,0,1
2018-02-01,100.9,852.5872331571331,14.00548331488456,1.9,1.5,1.2,1.2,0.6,1.3,0.4,0.7,0.5,1.3,0.7,1.0272727272727271,99.9,5.157894736842117,2016=100,101.8,1.6983016983016963,27.171049392857146,3.3021520459112854,-0.04544512327641881,33.59235771428571,3.5142985921191245,-0.02961853283225402,16.0,1.4567904e+18,63.46,192.1693941,-0.04267341541604086,0.0,0,0,0,1
2018-03-01,101.1,861.9656927218616,13.221555630008153,2.0,1.5,1.7,1.3,0.9,1.7,0.2,0.5,0.9,1.0,0.8,1.1363636363636365,105.5,4.352126607319495,2016=100,102.8,2.594810379241519,26.341204741935485,3.2711344333836623,-0.03101761252762314,32.49815477419355,3.4811833115452036,-0.03311528057392099,16.967741935483872,1.4567904e+18,64.16666666667,192.1693941,0.011074078904731444,0.0,0,0,0,1
2018-04-01,100.8,868.8614182636364,13.109343979235067,2.0,1.6,1.3,1.1,0.8,1.8,0.5,-0.1,0.6,1.0,0.3,0.990909090909091,99.6,5.508474576271172,2016=100,102.6,1.8867924528301883,26.151748566666665,3.2639160550695836,-0.007218378314078677,32.142930566666664,3.470192537442794,-0.01099077410240934,17.0,1.4567904e+18,68.79333333333,213.8481594,0.06962297595962941,0.106888983666515,0,0,0,1
2018-05-01,100.0,868.8614182636364,11.657792674467004,2.1,2.3,2.5,2.1,1.0,2.3,0.8,0.7,1.0,1.9,1.4,1.6454545454545453,101.1,3.4800409416581246,2016=100,103.1,1.6765285996055201,26.18122458064516,3.2650425348135306,0.0011264797439469731,31.018993032258066,3.4345996953342626,-0.03559284210853164,17.0,1.4567904e+18,73.43,213.8481594,0.06522573044410862,0.0,0,0,0,1
2018-06-01,100.0,868.8614182636364,9.899402238648625,2.3,2.6,2.1,2.3,1.2,2.3,1.0,0.7,1.4,1.7,2.0,1.781818181818182,99.6,2.258726899383978,2016=100,103.5,1.9704433497536922,26.202170466666665,3.265842249575008,0.0007997147614773326,30.649723233333336,3.422623632433892,-0.011976062900370454,17.0,1.4567904e+18,71.97666666667,219.3597099,-0.01999057904484225,0.025446665661164936,0,0,0,1
2018-07-01,99.3,862.779388335791,8.912281859259586,2.3,2.7,2.2,2.3,1.4,2.6,0.8,1.0,1.9,1.9,2.2,1.936363636363636,100.7,4.136504653567741,2016=100,102.7,0.8840864440078589,26.40068641935484,3.273390010547395,0.007547760972387074,30.827449,3.4284054943941378,0.00578186196024566,17.306451612903224,1.4567904e+18,72.66666666667,218.2573998,0.00954078170234851,-0.005037794029957965,0,0,0,1
2018-08-01,100.0,862.779388335791,9.021303162422,2.3,2.6,2.1,2.2,1.4,2.6,0.9,0.9,1.6,1.9,1.3,1.8,99.0,0.8146639511201537,2016=100,103.5,0.38797284190106307,27.482209032258066,3.3135388510322485,0.040148840484853565,31.748751161290322,3.457853391062451,0.029447896668313156,17.5,1.4567904e+18,71.08333333333,236.6292348,-0.022029876417392735,0.08081940674170873,0,0,0,1
2018-09-01,101.9,879.1721967141712,8.914419531870577,2.1,2.8,2.2,2.3,1.4,2.5,1.1,1.2,1.5,1.6,1.8,1.863636363636364,103.5,1.5701668302257055,2016=100,103.1,0.8806262230919737,28.191267433333334,3.3390122645031775,0.025473413470928907,32.89821356666667,3.493418357411577,0.03556496634912598,17.9,1.4567904e+18,75.36333333333,212.3784126,0.058467963716438476,-0.1081248574319762,0,0,0,1
2018-10-01,101.7,894.1181240583122,9.452534252877886,2.4,3.2,2.6,2.3,1.7,2.5,1.8,1.1,1.7,1.9,0.8,2.0,113.8,2.707581227436817,2016=100,102.9,0.5865102639296182,28.127382419354838,3.3367435651807713,-0.0022686993224061425,32.33523435483871,3.476157482586493,-0.01726087482508376,18.0,1.4567904e+18,76.72666666667,213.4807227,0.01792846145220839,0.005176888179533989,0,0,0,1
2018-11-01,101.4,906.6357777951285,9.994915492981304,2.3,2.9,2.2,1.7,1.4,2.2,1.1,0.8,1.6,1.8,0.9,1.718181818181818,113.3,1.8884892086330929,2016=100,102.0,-1.8286814244465877,27.933498133333334,3.3298266185638608,-0.0069169466169105576,31.758493866666665,3.4581602129202875,-0.01799726966620563,18.0,1.4567904e+18,62.31666666667,203.5599318,-0.2080204101172125,-0.04758607010462779,0,0,0,1
2018-12-01,100.8,913.8888640174896,9.777103779133833,1.7,2.2,1.7,1.2,1.3,1.9,0.6,0.8,1.2,1.8,0.6,1.3636363636363638,112.1,1.0820559062218127,2016=100,102.9,-1.6252390057361232,27.78913870967742,3.324645250459351,-0.005181368104509865,31.64247912903226,3.4545004940976884,-0.0036597188225990784,18.0,1.4567904e+18,53.96,211.2761025,-0.1439858814155115,0.03720535405006675,0,0,0,1
2019-01-01,101.0,923.0277526576645,9.2363298688918,1.7,1.8,1.7,1.0,1.2,1.4,0.5,0.8,0.9,2.0,0.6,1.2363636363636366,101.0,-1.0773751224289807,2016=100,102.8,0.09737098344693162,27.879175,3.3278799943497632,0.0032347438904123393,31.81745022580645,3.460014888517522,0.005514394419833479,18.0,1.4567904e+18,56.58333333333,209.8063557,0.0474714464310817,-0.0069808311413401825,0,0,0,1
2019-02-01,100.5,927.6428914209527,8.803281980412514,1.4,2.0,1.7,1.1,1.3,1.6,0.8,0.7,1.1,2.6,0.9,1.3818181818181818,98.2,-1.7017017017017078,2016=100,102.9,1.080550098231825,27.160679178571428,3.301770308952631,-0.02610968539713232,30.84837896428571,3.4290842032426436,-0.0309306852748783,18.0,1.4567904e+18,61.13333333333,218.9922732,0.07734279338356309,0.04285145740933949,0,0,0,1
2019-03-01,100.9,935.9916774437414,8.588043044744055,1.7,2.2,1.4,1.3,1.1,1.3,1.0,1.1,1.1,2.9,0.8,1.4454545454545455,108.1,2.4644549763033208,2016=100,103.0,0.1945525291828787,26.86353458064516,3.2907697751644513,-0.011000533788179556,30.40444677419355,3.414588873181856,-0.014495330060787737,18.0,1.4567904e+18,63.78666666667,205.764552,0.04248691094000989,-0.06230388333615444,0,0,0,1
2019-04-01,101.0,945.3515942181788,8.803495511102689,1.7,2.0,2.1,1.6,1.5,1.5,1.1,1.7,1.1,3.0,0.9,1.654545454545454,104.0,4.417670682730934,2016=100,102.6,0.0,26.8114953,3.2888307246574966,-0.0019390505069547537,30.1146375,3.4050113492324683,-0.0095775239493876,17.916666666666668,1.4567904e+18,68.57666666667,199.5181281,0.07240815872386808,-0.03082746379525947,0,0,0,1
2019-05-01,100.7,951.9690553777062,9.565119979680436,1.7,1.7,1.3,0.9,1.3,1.1,0.6,1.0,0.9,2.3,0.3,1.1909090909090911,104.4,3.264094955489627,2016=100,103.0,-0.09699321047526022,26.37884770967742,3.2725624658831944,-0.016268258774302158,29.503724645161288,3.3845165145337672,-0.02049483469870106,17.5,1.4567904e+18,66.83333333333,199.5181281,-0.02575038273961372,0.0,0,0,0,1
2019-06-01,99.5,947.2092101008176,9.017294379782005,1.6,1.3,1.5,0.6,1.1,1.4,0.2,1.1,0.8,2.7,0.7,1.1818181818181819,100.1,0.5020080321285203,2016=100,102.0,-1.449275362318836,26.500110633333335,3.2771489078262293,0.0045864419430348136,29.890845266666666,3.397552255142121,0.013035740608353663,17.5,1.4567904e+18,59.76,206.1319887,-0.11186541725390242,0.03261158558876076,0,0,0,1
2019-07-01,99.4,941.5259548402128,9.127080174726409,1.4,1.2,1.1,0.6,1.0,1.3,0.4,0.5,0.3,2.6,-0.7,0.881818181818182,102.4,1.688182720953324,2016=100,101.8,-0.8763388510223957,25.751355387096773,3.2484872621166065,-0.028661645709622707,28.91354851612903,3.3643102920492893,-0.03324196309283156,17.29032258064516,1.4567904e+18,61.47666666667,196.2111978,0.028321158202097685,-0.049325066562501796,0,0,0,1
2019-08-01,99.7,938.7013769756921,8.799698934202226,1.5,0.9,1.0,0.4,1.2,1.3,0.1,0.6,0.5,3.1,-0.1,0.9545454545454546,100.2,1.21212121212122,2016=100,101.8,-1.6425120772946888,25.246989612903228,3.2287069253623546,-0.019780336754251948,28.08606735483871,3.335273629707277,-0.02903666234201241,17.0,1.4567904e+18,57.67,181.1462931,-0.06392059139933792,-0.07988666491750429,0,0,0,1
2019-09-01,100.7,945.272286614522,7.51844634616452,1.2,0.6,0.9,0.2,1.0,1.1,0.2,0.6,0.2,2.7,-0.3,0.7636363636363636,103.8,0.28985507246377384,2016=100,101.7,-1.3579049466537207,24.769724166666666,3.2096221076567324,-0.019084817705622203,27.276622466666666,3.3060300154372637,-0.029243614270013207,16.583333333333332,1.567296e+18,60.04,189.5973372,0.04027389913793922,0.045597591438872875,0,0,0,1
2019-10-01,100.7,951.8891926208239,6.461234484353651,1.0,0.2,0.9,0.2,0.9,0.9,-0.3,0.6,0.2,2.8,-0.1,0.6636363636363637,110.6,-2.811950790861162,2016=100,101.2,-1.6520894071914483,24.808206516129033,3.2111745063414183,0.0015523986846859295,27.401062096774194,3.3105817752987647,0.004551759861501026,16.274193548387096,1.567296e+18,57.27333333333,199.5181281,-0.0471758782235181,0.05100255445237245,0,0,0,1
2019-11-01,100.1,952.8410818134446,5.096346862759371,1.2,0.4,1.2,0.5,0.8,1.2,0.5,0.8,0.2,2.6,0.2,0.8727272727272727,106.7,-5.825242718446599,2016=100,101.3,-0.6862745098039191,24.367518633333336,3.1932510419086664,-0.017923464432751945,26.958449066666667,3.294296757188562,-0.016285018110202554,15.5,1.567296e+18,60.40333333333,203.1924951,0.0532091625141593,0.018248681588399762,0,0,0,1
2019-12-01,99.8,950.9353996498178,4.053724374041523,1.8,0.9,1.5,0.8,1.1,1.6,1.1,1.1,0.5,2.8,0.4,1.2363636363636363,104.6,-6.6904549509366635,2016=100,99.8,-3.0126336248785357,23.609435129032256,3.1616464257384576,-0.03160461617020882,26.206930096774194,3.2660238833015725,-0.028272873886989736,14.274193548387096,1.567296e+18,63.35333333333,210.9086658,0.04768323205910452,0.03727139479723096,0,0,0,1
2020-01-01,100.2,952.8372704491173,3.229536458207538,2.2,1.4,1.6,1.1,1.2,1.7,1.1,1.1,0.4,1.7,0.8,1.3,96.1,-4.851485148514856,2016=100,102.2,-0.5836575875486361,24.119351612903223,3.183014489777235,0.021368064038777224,26.792258064516126,3.2881129675937726,0.022089084292200134,13.419354838709678,1.567296e+18,61.62666666667,224.5038237,-0.027632845816937035,0.06246756285202881,0,0,0,1
2020-02-01,99.7,949.9787586377699,2.407808804808864,2.2,1.0,1.7,0.9,1.1,1.6,0.4,0.9,0.2,1.3,0.5,1.0727272727272728,97.2,-1.0183299389002087,2016=100,102.1,-0.7774538386783436,24.596524137931034,3.2026051377491536,0.019590647971918784,26.844610344827586,3.2900650687692856,0.0019521011755130324,11.0,1.567296e+18,53.34666666667,215.3179062,-0.14428318197708245,-0.04177716959458255,0,0,0,1
2020-03-01,100.8,957.5785887068722,2.306314445240165,1.6,0.4,1.3,0.1,0.9,0.8,0.2,0.5,0.1,1.1,0.1,0.6454545454545454,100.8,-6.753006475485657,2016=100,87.5,-15.048543689320393,26.412293548387098,3.273829566475738,0.07122442872658441,29.15953870967742,3.372782087731292,0.08271701896200634,10.387096774193548,1.567296e+18,32.20333333333,209.0714823,-0.5047415284597818,-0.029439355450681326,0,0,0,1
2020-04-01,100.8,965.2392174165271,2.1037276839624752,1.5,0.0,0.8,-0.7,-0.3,0.4,-0.9,-0.3,0.1,1.0,-0.1,0.13636363636363633,88.3,-15.096153846153848,2016=100,70.9,-30.896686159844045,27.224653333333332,3.3041229353434023,0.030293368867664316,29.594646666666666,3.3875934891177666,0.014811401386474632,9.533333333333333,1.567296e+18,21.04333333333,218.9922732,-0.42548616314993915,0.04636023293901825,0,0,0,1
2020-05-01,100.3,968.1349350687766,1.6981518043836408,0.6,-0.2,0.5,-0.9,-0.1,0.4,-0.7,-0.8,-0.3,1.1,-0.6,-0.09090909090909091,91.4,-12.45210727969348,2016=100,83.7,-18.737864077669897,26.814329032258065,3.2889364100169662,-0.015186525326436051,29.187087096774196,3.373726388751723,-0.013867100366043772,8.0,1.567296e+18,30.38,205.764552,0.36720069345636075,-0.06230388333615444,0,0,0,1
2020-06-01,100.2,970.0712049389141,2.4136161889370955,1.1,0.2,0.8,-0.3,0.1,0.2,-1.9,-0.6,-0.4,1.7,0.2,0.1,95.4,-4.695304695304681,2016=100,91.2,-10.588235294117643,26.70734333333333,3.2849385588030398,-0.003997851213926484,30.040576666666666,3.402549023338401,0.02882263458667822,6.733333333333333,1.567296e+18,39.45666666667,198.415818,0.2614185261301505,-0.036367644170875124,0,0,0,1
2020-07-01,99.4,964.2507777092808,2.4136161889370955,1.8,1.7,0.0,-0.7,0.7,0.9,-2.1,-0.6,0.8,1.6,-0.1,0.3636363636363636,99.5,-2.83203125,2016=100,94.6,-7.072691552062871,27.31283870967742,3.3073568740485677,0.022418315245527953,31.21335483870968,3.44084604293481,0.038297019596408965,6.0,1.567296e+18,42.06666666667,222.13,0.06405263814130491,0.11289787657427208,0,0,0,1
2020-08-01,99.8,962.3222761538623,2.516337970470639,1.4,-0.9,-0.1,-0.6,0.3,0.2,-2.3,-1.1,-0.5,0.3,-0.2,-0.31818181818181823,96.0,-4.191616766467066,2016=100,96.5,-5.206286836935159,27.52141935483871,3.3149645871290265,0.007607713080458822,32.53904516129032,3.482440757822879,0.041594714888069095,6.0,1.567296e+18,43.44333333333,223.0,0.03220174543535981,0.003908975390587877,0,0,0,1
2020-09-01,100.5,967.1338875346315,2.312730546497499,1.2,0.5,-0.4,-0.6,0.3,0.0,-2.3,-1.2,-1.0,1.0,-0.8,-0.3,100.3,-3.3718689788053924,2016=100,96.6,-5.014749262536878,27.97671666666667,3.3313726166286517,0.016408029499625165,33.00073,3.496529682433931,0.014088924611051823,6.0,1.567296e+18,40.59666666667,247.68,-0.0677714454434506,0.10496581894124368,0,0,0,1
2020-10-01,101.0,976.8052264099778,2.6175351062189156,1.1,0.4,-0.5,-0.9,0.2,0.1,-2.0,-1.5,-0.6,1.2,-0.6,-0.2818181818181818,106.0,-4.159132007233268,2016=100,98.7,-2.4703557312252933,28.324951612903224,3.3437430986302887,0.01237048200163704,33.349348387096775,3.5070382335529637,0.010508551119032816,6.0,1.567296e+18,39.9,272.36,-0.01730963753517356,0.09498713021340333,0,0,0,1
2020-11-01,101.3,989.5036943533073,3.8477153472525005,1.1,0.2,-0.7,-0.8,0.2,0.2,-2.1,-1.0,-0.3,0.7,-0.4,-0.2636363636363636,107.2,0.46860356138707093,2016=100,98.9,-2.3692003948667217,28.310153333333336,3.3432205153342673,-0.000522583296021395,33.47692666666667,3.5108564453105826,0.0038182117576188723,6.0,1.567296e+18,42.30333333333,273.0,0.058489561258066924,0.0023470745701938966,0,0,0,1
2020-12-01,100.9,998.4092276024872,4.99232944426633,1.0,0.4,-0.7,-0.6,0.2,0.0,-2.4,-1.0,-0.3,0.9,-0.3,-0.2545454545454545,110.1,5.258126195028678,2016=100,99.1,-0.7014028056112287,28.16971935483871,3.338247619284118,-0.004972896050149167,34.256112903225805,3.5338650277090666,0.023008582398484023,6.0,1.567296e+18,48.72666666667,268.55,0.1413605652303196,-0.016434678833491034,0,0,0,1
2021-01-01,101.3,1011.3885475613195,6.144939847347075,1.1,0.6,1.6,0.4,1.0,0.8,-2.4,-0.1,0.7,1.6,0.2,0.5000000000000001,92.8,-3.433922996878247,2016=100,99.9,-2.2504892367906093,28.219770967741937,3.3400228304364514,0.0017752111523332559,34.38627419354839,3.537657478753777,0.0037924510447102655,6.0,1.567296e+18,53.60333333333,289.3,0.09538480481355682,0.07442709563062078,0,0,0,1
2021-02-01,101.0,1021.5024330369326,7.528976174343582,1.4,0.3,1.6,-0.1,0.9,0.8,-1.9,-0.4,1.0,1.9,0.3,0.5272727272727272,93.1,-4.218106995884785,2016=100,98.3,-3.72184133202742,27.88466071428571,3.3280767424476347,-0.01194608798881669,33.742985714285716,3.518772565030918,-0.018884913722859054,6.0,1.567296e+18,60.46333333333,289.4,0.12042586550395251,0.00034560221529389423,0,0,0,1
2021-03-01,101.7,1038.8679743985606,8.48905631875736,2.0,1.6,2.0,1.2,1.4,1.4,-2.0,0.1,0.6,1.9,0.1,0.9363636363636363,103.5,2.6785714285714413,2016=100,100.1,14.399999999999991,27.79555806451613,3.3248762260781737,-0.0032005163694610594,33.14006774193549,3.5007430561102533,-0.018029508920664572,6.435483870967742,1.567296e+18,63.83,273.13,0.054186178566252075,-0.05786194187893745,0,0,0,1
2021-04-01,100.7,1046.1400502193505,8.381428286695126,1.9,2.1,2.1,2.0,2.2,1.6,-1.1,1.1,1.0,1.7,-0.1,1.3181818181818181,100.4,13.703284258210658,2016=100,101.0,42.45416078984483,27.930006666666667,3.329701618649025,0.004825392570851239,33.33019,3.506463592873457,0.005720536763203832,7.0,1.567296e+18,62.95,280.95,-0.01388253877760981,0.028228845239761213,0,0,0,1
2021-05-01,101.3,1059.739870872202,9.462000851866549,3.0,2.5,2.4,2.4,2.3,1.8,-1.2,1.9,1.2,2.0,0.5,1.7090909090909094,97.5,6.673960612691454,2016=100,99.6,18.99641577060931,27.602848387096774,3.3179189698291425,-0.011782648819882446,33.50622580645161,3.5117312665326885,0.00526767365923142,7.5,1.567296e+18,66.4,297.25,0.05335629599203262,0.0563968180126837,0,0,0,1
2021-06-01,100.2,1061.8593506139464,9.46200085186657,2.8,2.6,2.1,2.5,1.9,1.9,0.6,1.6,1.3,1.7,-0.6,1.6727272727272726,97.7,2.4109014675052443,2016=100,98.7,8.223684210526304,27.239873333333332,3.304681831246026,-0.013237138583116259,32.853986666666664,3.492073097283005,-0.019658169249683333,7.5,1.567296e+18,71.80333333333,285.55,0.07823384374946407,-0.04015639046001862,0,0,0,1
2021-07-01,100.1,1062.9212099645601,10.232860012795154,2.8,1.4,3.1,2.9,1.8,1.5,0.7,2.2,1.0,1.4,1.1,1.8090909090909089,101.0,1.5075376884422065,2016=100,101.0,6.765327695560264,27.214548387096777,3.303751697484166,-0.0009301337618601302,32.182148387096774,3.4714119008987656,-0.020661196384239577,7.645161290322581,1.567296e+18,73.28333333333,294.27,0.02040230672681176,0.030080568133461938,0,0,0,1
2021-08-01,99.8,1060.795367544631,10.232860012795154,3.2,4.7,3.4,3.3,1.8,2.4,1.2,3.0,2.5,2.7,1.3,2.6818181818181817,97.8,1.8750000000000044,2016=100,98.8,2.3834196891191706,26.784854838709677,3.2878366098188794,-0.01591508766528671,31.528767741935482,3.4509003907106406,-0.020511510188125026,8.0,1.567296e+18,68.86666666667,324.52,-0.06216093894118746,0.09784945428252989,0,0,0,1
2021-09-01,101.2,1073.5249119551665,11.000651077560896,3.3,3.8,4.1,4.0,2.1,2.7,1.9,3.8,2.9,3.0,1.3,2.9909090909090907,100.5,0.1994017946161497,2016=100,99.5,3.002070393374745,26.727786666666667,3.285703723380379,-0.002132886438500403,31.497583333333335,3.449910823311771,-0.000989567398869795,8.35,1.567296e+18,72.8,337.55,0.055543687185163115,0.039366479961015166,0,0,0,1
2021-10-01,100.9,1083.1866361627633,10.890749442830682,3.8,5.4,4.6,5.4,2.8,3.2,2.8,5.1,3.2,3.7,1.8,3.8000000000000003,108.5,2.358490566037741,2016=100,100.1,1.4184397163120588,26.37467741935484,3.272404361175649,-0.013299362204730159,30.564135483870967,3.419827278568028,-0.030083544743742863,8.5,1.567296e+18,82.06333333333,354.67,0.11977535167041431,0.049474132197675935,0,0,0,1
2021-11-01,100.8,1091.8521292520654,10.343411094149403,4.1,7.1,6.0,5.5,3.5,3.4,4.0,5.4,3.9,5.9,2.6,4.672727272727272,108.5,1.2126865671641784,2016=100,100.8,1.921132457027297,26.446223333333332,3.275113362980367,0.002709001804718003,30.19235666666667,3.4075888018402902,-0.012238476727737702,8.5,1.567296e+18,79.91666666667,379.45,-0.026506881777574876,0.06753505616436684,0,0,0,1
2021-12-01,100.6,1098.4032420275778,10.015333558686091,3.8,6.6,5.7,6.6,3.2,3.4,4.4,5.7,4.2,6.4,2.8,4.8,109.8,-0.27247956403269047,2016=100,102.1,3.0272452068617506,27.213464516129033,3.3037118697958094,0.028598506815442626,30.783187096774196,3.426968667455001,0.019379865614710834,8.85483870967742,1.567296e+18,72.86666666667,376.81,-0.0923531380211049,-0.00698175422174252,0,0,0,1
2022-01-01,101.3,1112.6824841739362,10.015333558686113,4.5,8.5,5.1,6.2,4.1,3.3,5.5,5.0,5.1,7.6,3.4,5.300000000000001,95.9,3.340517241379315,2016=100,102.0,2.102102102102088,27.981270967741935,3.3315353923565807,0.027823522560771252,31.670651612903228,3.4553904354226614,0.028421767967660383,9.35483870967742,1.567296e+18,83.92,374.24,0.14123267701366693,-0.006843778792310573,0,0,0,1
2022-02-01,101.6,1130.4854039207191,10.668889995668396,5.5,9.5,5.5,7.6,4.4,4.2,6.3,5.7,6.2,7.3,4.4,6.054545454545456,84.4,-9.344790547798054,2016=100,102.6,4.374364191251279,28.413664285714283,3.3468701662788787,0.015334773922297984,32.26915357142857,3.4741117761390994,0.01872134071643794,10.0,1.567296e+18,93.54333333333,390.5,0.10856082295354241,0.04253066644387182,0,0,1,1
2022-03-01,104.5,1181.3572470971512,13.715821086994517,6.6,9.3,7.6,9.8,5.8,5.1,8.0,6.9,6.8,11.7,5.5,7.554545454545454,48.1,-53.52657004830918,2016=100,101.0,0.899100899100902,29.2549,3.3760470810152494,0.02917691473637074,32.89578709677419,3.493344597802217,0.019232821663117683,10.0,1.567296e+18,112.39666666667,486.3,0.18360949398777837,0.21939774812999957,0,0,1,1
2022-04-01,103.1,1217.9793217571628,16.42602933534394,7.1,9.3,7.8,8.3,5.8,5.4,9.1,7.3,6.3,11.2,7.4,7.7272727272727275,53.7,-46.51394422310757,2016=100,100.9,-0.099009900990088,29.2549,3.3760470810152494,0.0,31.769940000000002,3.458520559705515,-0.0348240380967022,10.0,1.567296e+18,103.41333333333,495.28,-0.0833003782031625,0.018297541801236328,0,0,1,1
2022-05-01,102.7,1250.8647634446063,18.03507613760933,7.7,9.9,8.7,8.5,7.1,5.8,10.5,8.3,7.3,10.2,8.1,8.372727272727273,57.8,-40.717948717948715,2016=100,102.7,3.1124497991968036,29.2549,3.3760470810152494,0.0,30.883816129032258,3.4302322968293213,-0.02828826287619357,10.0,1.567296e+18,110.09666666667,522.29,0.062624864937038,0.05309972996336221,0,0,1,1
2022-06-01,103.1,1289.641571111389,21.451260975923358,8.7,10.5,8.2,10.0,8.1,6.5,11.6,9.6,8.5,9.9,9.0,9.145454545454546,58.2,-40.429887410440124,2016=100,102.5,3.8500506585612992,29.2549,3.3760470810152494,0.0,30.95197,3.432436648155044,0.002204351325722609,24.0,1.567296e+18,116.8,459.59,0.05910430263088884,-0.12788820148692714,0,0,1,1
2022-07-01,100.7,1298.6690621091689,22.179240562192646,9.4,10.4,8.5,10.7,8.0,6.8,11.3,9.6,8.4,11.6,9.4,9.463636363636363,58.6,-41.98019801980198,2016=100,101.1,0.0990099009900991,31.850083870967744,3.4610400153260943,0.08499293431084487,32.19413870967742,3.4717844083315494,0.03934776017650554,25.0,1.6566336e+18,105.08333333333,382.5,-0.10570938421723941,-0.1836061344208213,0,0,1,1
2022-08-01,101.1,1312.9544217923697,23.77075371580839,9.3,10.5,8.8,10.5,7.9,6.6,11.2,9.0,9.1,13.7,9.3,9.627272727272727,59.4,-39.26380368098159,2016=100,103.9,5.161943319838058,36.5686,3.599189948683067,0.1381499333569729,37.087751612903226,3.6132867698986986,0.14150236156714913,25.0,1.6566336e+18,95.97333333333,382.86,-0.09068331107425642,0.0009407338417197764,0,0,1,1
2022-09-01,101.9,1337.9005558064248,24.62687553004819,11.0,12.1,10.9,9.0,8.4,6.2,12.1,8.6,9.4,17.1,9.8,10.41818181818182,60.9,-39.40298507462686,2016=100,104.5,5.025125628140703,36.568599999999996,3.599189948683067,0.0,36.30737666666666,3.592020934583405,-0.02126583531529347,25.0,1.6619904e+18,88.22,419.14,-0.08423668042583721,0.09053560588348653,0,0,1,1
2022-10-01,102.5,1371.3480697015852,26.60311934420152,11.6,13.1,11.6,7.3,8.4,7.1,9.5,9.4,12.6,16.8,10.6,10.727272727272727,63.9,-41.10599078341014,2016=100,103.4,3.296703296703307,36.5686,3.599189948683067,0.0,35.9271064516129,3.5814920649465702,-0.010528869636834859,25.0,1.6619904e+18,90.32666666667,437.95,0.02359903407341868,0.04389975561730086,0,0,1,1
2022-11-01,100.7,1380.9475061894966,26.47752101151881,11.2,10.5,11.3,6.7,9.1,7.1,8.8,9.0,12.6,11.3,10.2,9.799999999999999,63.9,-41.10599078341014,2016=100,103.5,2.6785714285714413,36.568599999999996,3.599189948683067,0.0,37.152860000000004,3.615040753395715,0.03354868844914494,25.0,1.6672608e+18,87.37666666667,422.68,-0.0332044535092626,-0.03548935703626732,0,0,1,1
2022-12-01,100.7,1390.6141387328234,26.603244193438847,10.5,10.2,9.6,5.5,8.8,6.7,7.6,8.2,12.3,11.0,9.8,9.109090909090908,61.5,-43.98907103825136,2016=100,99.8,-2.252693437806075,36.5686,3.599189948683067,0.0,38.67352903225807,3.6551553616636268,0.04011460826791158,25.0,1.6698528e+18,78.06666666667,386.33,-0.11266511274539948,-0.08992346506610716,0,0,1,1
2023-01-01,100.8,1401.739051842686,25.978351576491953,11.6,7.4,9.2,5.9,7.9,7.0,7.3,7.5,10.7,8.4,8.6,8.318181818181818,58.5,-38.99895724713244,2016=100,102.9,0.8823529411764675,36.5686,3.599189948683067,0.0,39.33978387096774,3.672236319071082,0.017080957407455077,25.0,1.6698528e+18,80.41,380.36,0.02957538406450766,-0.01557375383547921,0,0,1,1
2023-02-01,100.7,1411.5512252055848,24.862401611739582,11.0,5.4,9.3,6.0,8.0,7.3,6.5,8.1,9.8,8.9,8.6,8.081818181818182,61.1,-27.606635071090047,2016=100,105.2,2.5341130604288553,36.5686,3.599189948683067,0.0,39.261621428571424,3.670247487755346,-0.001988831315735684,25.0,1.6752096e+18,80.25333333333,394.75,-0.001950248548639344,0.03713448046450729,0,0,1,1
2023-03-01,101.5,1432.7244935836684,21.277835058292528,9.2,4.9,7.8,3.1,6.7,6.7,5.4,7.0,8.1,4.5,8.0,6.490909090909091,69.3,44.07484407484405,2016=100,100.1,-0.8910891089108919,36.5686,3.599189948683067,0.0,39.07219677419355,3.665411134110165,-0.004836353645181202,25.0,1.6776288e+18,76.47333333333,369.86,-0.04824620182645045,-0.06512809747902093,0,0,1,1
2023-04-01,100.2,1435.5899425708358,17.866528349572384,9.4,3.3,7.6,3.8,6.3,6.9,4.5,6.3,8.6,5.8,6.9,6.309090909090909,64.1,19.366852886405937,2016=100,101.5,0.5946481665014769,36.568599999999996,3.599189948683067,0.0,40.06571666666667,3.6905210226693703,0.025109888559205373,25.0,1.6776288e+18,82.46,378.18,0.07537123109378552,0.02224571709634393,0,0,1,1
2023-05-01,100.5,1442.76789228369,15.341636797780179,8.7,2.7,6.3,2.9,5.0,6.0,4.1,5.4,8.0,6.8,5.4,5.572727272727271,68.3,18.166089965397923,2016=100,101.2,-1.4605647517039966,36.5686,3.599189948683067,0.0,39.80833870967742,3.6840764056636512,-0.006444617005719078,25.0,1.6828992e+18,74.12333333333,367.74,-0.10658295475556745,-0.027994106027378507,0,0,1,1
2023-06-01,100.8,1454.3100354219594,12.768544997247734,7.8,1.6,6.8,1.6,4.1,5.3,2.8,4.8,6.7,6.4,4.7,4.781818181818182,66.6,14.432989690721643,2016=100,102.0,-0.4878048780487809,36.568599999999996,3.599189948683067,0.0,39.587959999999995,3.67852503162674,-0.005551374036911305,25.0,1.6855776e+18,73.26333333333,345.5,-0.011670116162158628,-0.06238352351797083,0,0,1,1
2023-07-01,99.4,1445.5841752094277,11.312744515654671,7.0,1.7,6.5,2.1,4.2,5.1,3.5,4.6,6.3,5.3,4.3,4.6,67.3,14.846416382252547,2016=100,99.9,-1.186943620178027,36.5686,3.599189948683067,0.0,40.432954838709676,3.6996451662828376,0.021120134656097633,24.612903225806452,1.6855776e+18,78.98333333333,345.5,0.0751766033844179,0.0,0,0,1,1
2023-08-01,98.6,1425.3459967564957,8.560203850084559,7.5,2.4,6.4,2.4,3.1,5.7,3.5,4.9,5.5,3.4,5.3,4.554545454545454,68.6,15.488215488215484,2016=100,99.7,-4.04234841193456,36.5686,3.599189948683067,0.0,39.92253225806452,3.6869408827497048,-0.012704283533132799,22.0,1.690848e+18,84.72433333333,315.82,0.0701659891222004,-0.08982021216922753,0,0,1,1
2023-09-01,100.5,1432.472726740278,7.068699577365023,5.8,0.7,4.3,3.3,3.0,5.7,2.4,5.0,5.6,-0.3,4.8,3.6636363636363636,68.5,12.479474548440074,2016=100,99.5,-4.784688995215314,36.568599999999996,3.599189948683067,0.0,39.13102666666667,3.666915673206691,-0.020025209543013567,20.933333333333334,1.6935264e+18,92.22,314.68,0.0847741779109139,-0.0036161815774553574,0,0,1,1
2023-10-01,100.8,1443.9325085542002,5.292926023398992,4.9,-1.7,3.0,3.5,2.4,4.5,3.8,3.6,1.8,-1.0,3.2,2.545454545454546,75.0,17.37089201877935,2016=100,99.0,-4.255319148936176,36.51895161290323,3.597831348110525,-0.0013586005725421124,38.56466774193548,3.6523365138149573,-0.014579159391733931,19.35483870967742,1.6935264e+18,89.08366666667,298.1,-0.034601023733698,-0.054127248777016135,0,0,1,1
2023-11-01,100.5,1451.152171096971,5.08380402533859,4.9,-0.8,2.3,3.3,0.7,3.9,2.9,2.5,0.6,1.4,2.2,2.1727272727272724,75.1,17.527386541471035,2016=100,99.4,-3.961352657004824,36.15542000000001,3.587826868209975,-0.010004479900549867,39.00613,3.6637188132654246,0.011382299450467315,16.0,1.6935264e+18,81.35433333333,283.55,-0.09076190302553577,-0.05004052622398891,0,0,1,1
2023-12-01,100.7,1461.31023629465,5.0838040253385675,5.7,0.5,3.8,3.3,1.3,4.1,3.7,3.2,0.5,1.0,1.9,2.6363636363636362,76.1,23.739837398373975,2016=100,100.5,0.7014028056112176,37.093925806451615,3.6134532313155185,0.025626363105543337,40.506003225806445,3.701450190925529,0.03773137766010448,15.451612903225806,1.6935264e+18,75.71933333333,291.12,-0.0717805780839722,0.026347078843867777,0,0,1,1
2024-01-01,100.4,1467.1554772398285,4.6668048030158005,4.3,1.5,3.1,3.5,1.1,3.4,3.2,2.7,0.9,3.1,2.5,2.6636363636363636,69.7,19.145299145299145,2016=100,98.0,-4.761904761904767,37.86847419354839,3.6341189504642633,0.02066571914874471,41.35634838709678,3.7222259377893794,0.02077574686385031,15.0,1.6935264e+18,77.67233333333,283.91,0.02546560167403289,-0.02507826677501157,0,0,1,1
2024-02-01,100.3,1471.5569436715477,4.251047882249082,4.0,3.6,2.7,2.9,1.1,3.2,3.1,2.3,0.8,2.7,2.3,2.6090909090909093,69.3,13.420621931260213,2016=100,98.8,-6.083650190114076,37.97289310344827,3.6368725657958483,0.0027536153315850243,40.98238275862069,3.7131422855474865,-0.009083652241892892,15.0,1.6935264e+18,80.548,278.5,0.0363541564067722,-0.01923922716155424,0,0,1,1
2024-03-01,100.5,1478.9147283899053,3.223943962226916,4.1,3.8,2.3,3.3,0.6,2.4,3.4,1.7,1.2,3.1,2.6,2.590909090909091,73.8,6.493506493506485,2016=100,99.2,-0.8991008991008909,38.66386774193548,3.654905513833836,0.01803294803798794,42.0304935483871,3.7383953917124644,0.02525310616497789,14.725806451612904,1.6935264e+18,83.54566666667,274.83,0.036540108529631965,-0.013265334672111884,0,0,1,1
2024-04-01,100.2,1481.8725578466851,3.223943962226916,3.4,4.9,2.4,3.4,0.6,2.4,3.2,1.6,0.9,2.6,2.3,2.5181818181818185,72.6,13.260530421216842,2016=100,98.7,-2.758620689655167,39.360549999999996,3.672764045663659,0.017858531829822777,42.25769666666667,3.743786506837558,0.005391115125093826,14.333333333333334,1.6935264e+18,88.01133333333,272.3,0.052072205518718384,-0.009248325015512648,0,0,1,1
2024-05-01,100.6,1490.7637931937654,3.3266543542291416,3.3,4.9,2.8,3.8,0.4,2.6,2.4,2.0,0.8,2.7,3.8,2.6818181818181817,71.7,4.9780380673499325,2016=100,97.9,-3.2608695652173836,39.71005161290323,3.681604344888053,0.008840299224393888,42.87532580645161,3.758296504441526,0.014509997603967761,13.5,1.6935264e+18,81.445,289.42,-0.0775376482549408,0.060974520630132645,0,0,1,1
2024-06-01,102.2,1523.5605966440282,4.761746775815667,3.1,5.4,2.5,3.6,0.5,2.5,2.5,1.5,0.9,3.4,3.1,2.6363636363636362,67.2,0.9009009009009139,2016=100,98.3,-3.627450980392155,40.477513333333334,3.700746593579824,0.01914224869177117,43.591863333333336,3.7748705121440542,0.01657400770252826,13.216666666666667,1.7172e+18,81.205,265.55,-0.0029511241830020296,-0.08607577344143902,0,0,1,1
2024-07-01,100.0,1523.5605966440282,5.394111444482563,2.9,5.4,2.6,2.9,0.5,2.7,3.0,1.5,1.6,3.5,2.7,2.6636363636363636,67.3,0.0,2016=100,97.8,-2.1021021021021102,40.99017741935484,3.7133324628639133,0.012585869284089224,44.44428387096774,3.7942363568620103,0.019365844717956104,13.0,1.7172e+18,83.25866666667,260.26,0.024975405919675175,-0.020122015519796754,0,0,1,1
2024-08-01,100.6,1532.7019602238925,7.531923035648536,2.4,4.3,2.0,2.4,1.1,2.2,3.2,1.1,1.2,3.3,1.8,2.272727272727273,67.0,-2.3323615160349753,2016=100,99.2,-0.5015045135406182,41.18937419354839,3.71818031516793,0.00484785230401652,45.29121935483871,3.813113180474382,0.01887682361237175,13.0,1.7172e+18,78.121,250.85,-0.0636933208004411,-0.0368259804183495,0,0,1,1
2024-09-01,101.5,1555.6924896272506,8.60189241908782,1.8,4.3,1.8,1.7,1.0,1.4,3.1,0.0,0.7,3.3,2.6,1.9727272727272727,71.1,3.795620437956204,2016=100,,,41.24735999999999,3.7195871107326024,0.0014067955646726027,45.79125,3.8240930248332043,0.010979844358822266,13.0,1.7251488e+18,72.42433333333,269.69,-0.07571656805743299,0.07241800029293177,0,0,1,1
2024-10-01,101.8,1583.694954440541,9.679292145467656,1.8,4.5,2.4,1.8,1.5,1.6,3.1,0.1,1.0,3.3,2.6,2.1545454545454548,77.3,3.066666666666662,2016=100,,,41.24245806451613,3.7194682612647614,-0.00011884946784102013,45.0154,3.8070046534478736,-0.017088371385330703,13.0,1.7277408e+18,73.97066666667,272.85,0.021126279533631553,0.011649042409047183,0,0,1,1
2024-11-01,101.9,1613.7851585749115,11.207162881822462,1.9,4.8,2.4,2.4,1.7,1.7,3.0,0.5,1.5,3.8,2.7,2.4,75.8,0.9320905459387463,2016=100,,,41.35026333333334,3.722078789849261,0.002610528584499505,44.040706666666665,3.785114357744514,-0.02189029570335954,13.0,1.7277408e+18,72.29166666667,253.75,-0.022959756188939195,-0.07257266327624379,0,0,1,1
2024-12-01,101.4,1636.3781507949604,11.980201749918539,2.1,4.4,2.8,2.8,1.6,1.8,2.9,1.0,1.4,3.9,3.1,2.5272727272727273,74.7,-1.8396846254927657,2016=100,,,41.75200967741936,3.7317475861244573,0.009668796275196456,43.72796774193549,3.7779878914872946,-0.007126466257219466,13.306451612903226,1.7330112e+18,72.311,252.17,0.00026739940404851836,-0.006246067112408937,0,0,1,1
2025-01-01,101.2,1656.0146886045,12.872474273822277,3.4,4.4,2.8,2.9,1.7,1.8,3.1,1.7,1.7,3.0,2.7,2.6545454545454543,67.8,-2.7259684361549574,2016=100,,,42.10896451612903,3.7402606518959347,0.008513065771477368,43.5654,3.774263257323642,-0.0037246341636527625,13.758064516129032,1.7330112e+18,78.162,254.09,0.07780733450637367,0.007585071723309689,0,0,1,1
2025-02-01,100.8,1669.2628061133362,13.435148622146453,3.4,4.4,2.6,2.9,1.5,0.9,3.0,1.4,1.7,3.5,2.5,2.5272727272727273,63.6,-8.225108225108224,2016=100,,,41.67110714285714,3.7298080143844317,-0.010452637511503049,43.35843214285715,3.7695011974106882,-0.004762059912953642,14.5,1.738368e+18,73.819,264.61,-0.0571674448977566,0.0405685088947596,0,0,1,1
2025-03-01,101.5,1694.3017482050361,14.56385656863548,3.1,3.6,2.3,2.2,1.8,0.9,3.1,1.8,2.1,3.4,1.9,2.381818181818182,70.0,-5.1490514905149,2016=100,,,41.48065161290323,3.725227092324325,-0.00458092206010674,44.69091935483871,3.7997703345583034,0.030269137147615144,15.306451612903226,1.7407872e+18,70.70133333333,255.37,-0.04315171929231454,-0.03554356996595942,0,0,1,1
2025-04-01,100.7,1706.1618604424716,15.1355324996167,3.3,3.1,2.2,2.2,1.9,0.9,2.6,2.0,2.0,4.1,2.1,2.4000000000000004,68.7,-5.371900826446274,2016=100,,,41.41348333333334,3.7236065121876556,-0.001620580136669325,46.43591333333333,3.838073154106,0.038302819547696654,15.5,1.7434656e+18,65.905,249.58,-0.07025012058898206,-0.022933968815989303,0,0,1,1
2025-05-01,101.3,1728.3419646282236,15.936674375856574,3.0,2.8,2.1,2.0,2.0,0.6,3.3,1.4,1.7,2.9,1.7,2.1363636363636362,71.8,0.1394700139469851,2016=100,,,41.52995483870968,3.7264149702043072,0.002808458016651638,46.84799032258065,3.8469081117682276,0.008834957662227527,15.5,1.7434656e+18,62.74866666667,237.0,-0.04907698171820485,-0.05171936394457699,0,0,1,1
2025-06-01,100.8,1742.1687003452494,14.3485007542695,3.2,2.9,2.0,2.3,1.9,0.9,3.6,1.6,1.8,2.8,2.1,2.281818181818182,70.1,4.315476190476186,2016=100,,,41.57927666666667,3.727601886094489,0.0011869158901816057,47.833200000000005,3.8677199590712354,0.02081184730300789,15.5,1.748736e+18,69.14666666667,240.05,0.09709252311612371,0.012787093841818198,0,0,1,1
2025-07-01,99.8,1738.6843629445589,14.11980375276094,3.7,2.6,1.8,2.7,1.9,0.9,3.7,1.6,1.7,2.5,2.5,2.3272727272727276,70.3,4.457652303120363,2016=100,,,41.7941064516129,3.732755335609572,0.0051534495150833415,48.87247096774194,3.88921427206118,0.021494312989944753,15.5,1.748736e+18,69.19033333333,234.96,0.0006313085885958358,-0.021431948086584995,0,0,1,1
2025-08-01,99.8,1735.20699421867,13.2122904028384,4.1,2.6,2.1,2.7,2.2,0.8,3.1,1.9,1.6,2.4,2.5,2.3636363636363638,68.2,1.7910447761193993,2016=100,,,41.441896774193545,3.7242923684817706,-0.00846296712780159,48.15257741935484,3.8743746657700746,-0.01483960629110559,15.5,1.748736e+18,66.71766666667,231.14,-0.036391375734320164,-0.016391699343069277,0,0,1,1
2025-09-01,100.3,1740.4126152013255,11.873819974430466,3.9,2.7,2.4,3.0,2.2,1.1,1.8,2.7,1.8,3.0,1.9,2.4090909090909087,72.4,1.8284106891701901,2016=100,,,41.31833666666667,3.7213063885202446,-0.002985979961525942,48.453759999999996,3.880609941104756,0.006235275334681489,15.5,1.748736e+18,66.457,233.76,-0.003914663442807331,0.011271360455094026,0,0,1,1
2025-10-01,100.9,1756.0763287381378,10.884758697642782,4.0,2.5,2.3,3.2,1.4,0.8,1.6,2.8,1.3,3.0,2.0,2.2636363636363637,75.0,-2.975420439844756,2016=100,,,41.627122580645164,3.7287519399289253,0.00744555140868064,48.46326774193548,3.8808061448511464,0.0001962037463902888,15.5,1.748736e+18,63.04033333333,230.78,-0.052780388790170996,-0.012830072235868073,0,0,1,1
2025-11-01,100.4,1763.1006340530903,9.252500228099446,4.0,2.6,2.6,3.2,1.5,0.8,2.8,3.1,1.1,2.6,2.1,2.4000000000000004,72.1,-4.88126649076518,2016=100,,,42.10400666666667,3.740142906389549,0.011390966460623542,48.66802666666667,3.885022277855246,0.004216133004099731,15.5,1.748736e+18,62.33633333333,245.85,-0.011230277813107037,0.06325671809142719,0,0,1,1
2025-12-01,100.2,1766.6268353211965,7.9595712313172085,3.8,2.2,2.0,3.0,1.7,0.7,2.9,2.7,1.2,2.5,2.4,2.2818181818181813,73.2,-2.008032128514059,2016=100,,,42.19992903225806,3.7424185393405063,0.0022756329509574513,49.41937096774193,3.9003424721860944,0.015320194330848302,15.5,1.748736e+18,60.88,242.8,-0.023639741817107485,-0.012483534672605323,0,0,1,1
