date,UKR_IP_YOY,UKR_CPI_YOY,EA_IP_YOY,EA_HICP_YOY,dlog_uah_usd,dlog_uah_eur,dlog_oil,dlog_wheat,NBU_POLICY_RATE,ECB_REFI_RATE,CRISIS_0809,CRISIS_1415,WAR_2022PLUS,POST_2016_IT
2001-01-01,19.34032983508245,22.08722196411439,4.702194357366762,2.909090909090909,-0.0005057331368329976,0.043571018414555907,0.029422667028269345,0.036412254665501465,27.0,4.25,0,0,0,0
2001-02-01,11.297071129707103,18.896171632041714,4.132231404958686,2.881818181818182,-0.0006505831460665856,-0.01996728604525999,0.048191821604904206,-0.036256126640203945,27.0,4.25,0,0,0,0
2001-03-01,16.51495448634588,17.26426339395486,2.566735112936347,2.9545454545454537,-0.001508780832438772,-0.012891505580169271,-0.08486520350637594,0.016182459906126212,25.580645161290324,4.25,0,0,0,0
2001-04-01,19.350473612990516,17.03365520635609,1.1235955056179803,3.372727272727273,-0.000588168824617652,-0.021817637995702244,0.027412688163414245,-0.00407896821367526,21.8,4.25,0,0,0,0
2001-05-01,19.14323962516733,15.085004727895734,0.10010010010008674,3.6181818181818177,-0.0008283796610839556,-0.016462203950561305,0.0686961625060385,0.03924444174564279,21.0,4.25,0,0,0,0
2001-06-01,15.699208443271772,11.644662252905613,1.73469387755103,3.472727272727273,-0.0023030292023134002,-0.030900938308275228,-0.021309307881729467,-0.05824073115182671,19.666666666666668,4.25,0,0,0,0
2001-07-01,12.09068010075567,9.85655955416036,-1.1099899091826404,3.1727272727272724,-0.005586818835622287,0.0017758619791559127,-0.08358597517556632,-0.027409890610890386,19.0,4.25,0,0,0,0
2001-08-01,10.869565217391308,9.636846435052071,0.30090270812437314,2.9818181818181815,-0.004568826453465791,0.040246791473238286,0.04020227307501134,-0.015221489605382388,17.516129032258064,4.25,0,0,0,0
2001-09-01,13.075060532687676,7.285958889661037,-0.40281973816715944,2.8909090909090907,-0.001439536737485092,0.012782922191235446,-0.024046107319673826,0.0009018242054121828,15.6,4.25,0,0,0,0
2001-10-01,11.689691817215731,6.016302571440213,-1.5090543259557387,2.8272727272727276,-0.005387473831053757,-0.012387322506019371,-0.19547537315947094,0.010677853419598371,15.0,4.25,0,0,0,0
2001-11-01,8.071748878923767,6.121896498304169,-2.7000000000000024,2.6181818181818186,-0.0043425954836990854,-0.022281900220076256,-0.10378147215374289,0.015526638292753248,15.0,4.25,0,0,0,0
2001-12-01,1.8038331454340417,6.121896498304169,-3.4448818897637845,2.772727272727273,0.0013231995324511914,0.0033563035664740948,-0.009051474097570011,-0.022850293778888364,13.225806451612904,4.25,0,0,0,0
2002-01-01,3.266331658291466,5.599128535258346,-2.59481037924153,3.263636363636364,0.003452423772915436,-0.004665905909543744,0.03371412318772915,0.023169553099982032,12.5,4.25,0,0,0,0
2002-02-01,5.63909774436091,3.4997422820723045,-2.67857142857143,3.0,0.0015816556159604644,-0.0142470219116273,0.041939363679431185,-0.016332476165333176,12.5,4.25,0,0,0,0
2002-03-01,3.90625,2.1622704633178946,-1.1011011011011096,3.0727272727272723,0.0002528355058513121,0.0063973051831602845,0.16847504442132166,-0.00602068371435216,11.82258064516129,4.25,0,0,0,0
2002-04-01,6.349206349206349,2.0616179801028256,-0.909090909090915,2.9818181818181815,0.0009523971405520637,0.01120349151736355,0.0731280001258181,0.009583440519360664,10.15,4.25,0,0,0,0
2002-05-01,3.0337078651685445,1.350032994185768,-1.5000000000000013,2.690909090909091,8.529265426537869e-05,0.03198825741664324,0.009317956868853727,-0.018435957347439746,10.0,4.25,0,0,0,0
2002-06-01,7.8677309007981755,-1.0678604370870648,-0.7021063189568744,2.481818181818182,0.00026440943002592476,0.0429497365755136,-0.04722879999661034,0.08344417902168022,10.0,4.25,0,0,0,0
2002-07-01,8.089887640449444,-0.8665742935206056,0.3061224489795844,2.5727272727272728,-8.70256227651911e-05,0.040728550358573035,0.05043345249960085,0.12299551204746262,8.258064516129032,4.25,0,0,0,0
2002-08-01,5.228758169934644,-0.8665742935206278,-1.0999999999999899,2.727272727272727,5.508549603328028e-05,-0.015048005181814261,0.038879524413049094,0.07699328771830327,8.0,4.25,0,0,0,0
2002-09-01,6.745182012847972,-1.0640512371589916,0.4044489383215222,2.6454545454545455,6.508979215769095e-05,0.003507224861229341,0.05468437782461111,0.1525725673828564,8.0,4.25,0,0,0,0
2002-10-01,4.852521408182686,-0.5703588780629487,0.6128702757916216,2.7636363636363637,2.994068878914291e-05,-0.000260124112763771,-0.027022407902693946,0.013116329354970091,8.0,4.25,0,0,0,0
2002-11-01,9.336099585062229,-0.37248894548197464,2.0554984583761593,2.7636363636363637,0.0001526755012690728,0.02079033661250196,-0.11475495407389547,-0.07041254204639547,8.0,4.25,0,0,0,0
2002-12-01,14.174972314507194,-0.5686060932270864,0.0,2.7454545454545456,0.0002231209146910107,0.01572027636550488,0.1277545185385982,-0.08773940667617719,7.129032258064516,4.25,0,0,0,0
2003-01-01,12.652068126520666,-0.07637146992623967,1.3319672131147708,2.6181818181818177,0.0002044804208047868,0.04021408118632719,0.0977402568847241,-0.08253637722571039,7.0,4.25,0,0,0,0
2003-02-01,10.201660735468575,2.457189091181089,0.9174311926605672,2.9272727272727277,0.0002197741484935012,0.018842034957957665,0.06706695948318542,0.008189199098311839,7.0,4.25,0,0,0,0
2003-03-01,11.600429645542443,4.314419104918521,0.30364372469635637,2.809090909090909,0.00011649916019962347,0.0010094773961490944,-0.07986746673989664,-0.061728772909038554,7.0,4.25,0,0,0,0
2003-04-01,13.85927505330491,3.5942998408806215,0.8154943934760572,2.4636363636363634,-8.248535889565645e-05,0.00480325983433838,-0.1722289303303972,-0.022775053120857258,7.0,4.25,0,0,0,0
2003-05-01,13.522355507088314,3.9060178945643065,-1.3197969543147225,2.190909090909091,-0.00015398281168543804,0.05701293050783662,0.019719188309475832,0.023854094211139376,7.0,4.25,0,0,0,0
2003-06-01,17.124735729386884,5.916419462789091,-1.5151515151515138,2.272727272727273,-4.976018535374216e-05,0.01609397112340538,0.06865087062633313,-0.07767117432989146,7.0,4.25,0,0,0,0
2003-07-01,22.14137214137213,7.4218305008388885,0.6103763987792554,2.2181818181818183,-0.00016014459909863277,-0.025892355618897023,0.023871595771695286,0.002012395999977379,7.0,4.25,0,0,0,0
2003-08-01,19.461697722567294,5.8072739301850085,-1.921132457027308,2.3,-7.804500296626493e-05,-0.01914753710327588,0.037211126421121676,0.12214728691337218,7.0,4.25,0,0,0,0
2003-09-01,19.458375125376115,6.229658257251569,-1.8126888217522619,2.3363636363636364,-2.4362581689585383e-05,0.0028674330796347736,-0.09885445156736061,-0.02102542558935827,7.0,4.25,0,0,0,0
2003-10-01,18.05807622504536,6.862605575566838,0.8121827411167404,2.145454545454545,2.4362581689585383e-05,0.044343877007007926,0.0763262451915585,0.01250737953551706,7.0,4.25,0,0,0,0
2003-11-01,14.13662239089184,8.13604278202844,0.0,2.2454545454545456,4.815872147490019e-05,8.572123919781127e-05,0.0037238824658816227,0.08504767588207329,7.0,4.25,0,0,0,0
2003-12-01,18.428709990300685,8.24268582224741,1.7329255861366022,2.0727272727272728,-3.061319006425478e-05,0.047346577608573526,0.02865106172641152,0.03083905925367425,7.0,4.25,0,0,0,0
2004-01-01,16.09071274298057,8.136042782028419,0.9100101112234471,1.8181818181818181,-0.00010648796060830357,0.027698529061927157,0.04560891681406343,0.004541359177299142,7.0,4.25,0,0,0,0
2004-02-01,19.052744886975237,7.387326363161795,1.1111111111111072,1.6909090909090911,-0.0001244659169636897,0.0014390853432904027,-0.0011606545068065799,-0.030123677217932965,7.0,4.25,0,0,0,0
2004-03-01,19.634263715110677,6.643793935325859,0.6054490413723634,1.6272727272727274,-0.00020414512339050894,-0.031475067729459516,0.07184221271334845,0.029839050009416113,7.0,4.25,0,0,0,0
2004-04-01,14.04494382022472,6.643793935325881,1.7189079878665137,1.8909090909090907,-8.958490718224965e-05,-0.01869322977255261,0.0013749620121741302,0.0018303114483364524,7.0,4.25,0,0,0,0
2004-05-01,13.73679154658982,7.39030049287317,3.703703703703698,2.2363636363636363,-0.00030513314091584753,-0.0034339701593784078,0.10804787681432293,-0.01725672818726398,7.0,4.25,0,0,0,0
2004-06-01,11.823104693140806,8.033998597725557,3.384615384615386,2.3000000000000003,-0.001014934612699303,0.01138674856940991,-0.055147749426018855,-0.05647763603035916,7.366666666666666,4.25,0,0,0,0
2004-07-01,9.957446808510628,8.142140738463999,2.2244691607684386,2.1999999999999997,-0.0007256191432880588,0.010479691348485254,0.0640040060401974,-0.0271343916243989,7.5,4.25,0,0,0,0
2004-08-01,9.792027729636054,9.902338349669936,2.7835051546391876,2.163636363636363,-0.000841666865531332,-0.008505930522162197,0.10492929686613461,-0.06378494454575456,7.5,4.25,0,0,0,0
2004-09-01,9.739714525608733,10.667066350114961,3.589743589743599,1.981818181818182,-0.0007497020541697985,0.0018105808804924628,-0.011645415018442407,0.06666209351440067,7.5,4.25,0,0,0,0
2004-10-01,6.91775557263643,11.65028806497288,2.316213494461228,2.3000000000000003,-0.0005138240681519246,0.021421971502944448,0.1195909943843807,-0.00590242980531297,7.903225806451613,4.25,0,0,0,0
2004-11-01,10.640066500415625,11.321582604526403,1.2084592145015227,2.2181818181818183,-0.00012107047182463582,0.039089314469988645,-0.10696050909878396,0.041886477583617854,8.733333333333333,4.25,0,0,0,0
2004-12-01,4.340704340704349,12.308670529098563,0.4008016032064132,2.190909090909091,-5.886884777295265e-05,0.031200143031551608,-0.07594093281081049,-0.01735849344553131,9.0,4.25,0,0,0,0
2005-01-01,9.11627906976744,12.640944702261603,1.8036072144288484,2.027272727272728,-0.0002492937702844866,-0.016090681897381387,0.09584180068714554,-0.0018290795470647936,9.0,4.25,0,0,0,0
2005-02-01,5.515370705244127,13.314097758251208,0.4995004995004937,2.0363636363636366,-0.0008746482206316575,-0.013770980209147687,0.04205933684981389,-0.015910817889091433,9.0,4.25,0,0,0,0
2005-03-01,6.757843925985507,14.668449524286098,0.9027081243731194,2.1818181818181817,-0.0015083289360182661,0.012737987040965404,0.12809043947110643,-0.0012100820586340433,9.0,4.25,0,0,0,0
2005-04-01,4.92610837438423,14.668449524286098,1.6898608349900535,2.1545454545454548,-0.01907960774336126,-0.03878345496158331,-0.005953800024708578,-0.06929918570150839,9.0,4.25,0,0,0,0
2005-05-01,3.2939189189189033,14.554578174212306,0.3968253968253954,1.9545454545454546,-0.027732662152727183,-0.04344136277017552,-0.05716977838958881,0.017263037056899577,9.0,4.25,0,0,0,0
2005-06-01,-1.210653753026636,14.44081990393007,1.0912698412698596,1.9909090909090907,0.0009566379855061591,-0.04452794579127217,0.11936915220871791,-0.009810620475082743,9.0,4.25,0,0,0,0
2005-07-01,-2.7089783281733615,14.78414236364185,1.5825914935707397,2.2181818181818183,-0.0003180683597199252,-0.010063454967701446,0.04491220550876207,0.013569553880512508,9.0,4.25,0,0,0,0
2005-08-01,0.47355958958168465,14.899041405046876,1.7051153460381219,2.2818181818181817,-0.0006385696257862339,0.01916884491176818,0.09350426396662126,0.03744396803561223,9.35483870967742,4.25,0,0,0,0
2005-09-01,0.4590665646518888,13.878220701546962,1.8811881188118829,2.590909090909091,0.0,-0.001258427006479934,-0.0032824909265745106,0.06699829957487591,9.5,4.25,0,0,0,0
2005-10-01,1.6534867002156783,12.429671905930405,1.3779527559055094,2.372727272727273,0.0,-0.020927351549864692,-0.05845558003331597,0.0495807064506808,9.5,4.25,0,0,0,0
2005-11-01,2.0285499624342673,11.987035402363766,3.482587064676612,2.2363636363636363,0.0,-0.018410554591456574,-0.05551742774627311,-0.04080519019815654,9.5,4.25,0,0,0,0
2005-12-01,5.3375196232338995,10.346600313461995,3.592814371257469,2.2545454545454544,0.0,0.003804731638513026,0.024883077181717894,0.020425337930148224,9.5,4.25,0,0,0,0
2006-01-01,-2.813299232736566,9.80408998743707,2.1653543307086576,2.3454545454545452,0.0,0.01950928928641371,0.10148435231203745,0.016403703888369314,9.5,4.25,0,0,0,0
2006-02-01,-0.42844901456726703,10.673825353674204,3.5785288270377746,2.4,0.0,-0.010606801169740443,-0.04506450862559941,0.07311688821028728,9.5,4.25,0,0,0,0
2006-03-01,-0.6028636021100153,8.604137674816092,3.6779324055665974,2.327272727272727,0.0,0.004538174602326084,0.020299324542088826,-0.030514915390182473,9.5,4.25,0,0,0,0
2006-04-01,-2.5039123630672955,7.417796548278854,2.7370478983382185,2.5818181818181816,0.0,0.0189325132878313,0.10936112041842794,0.033319731372440486,9.5,4.25,0,0,0,0
2006-05-01,3.761242845461976,7.311019414533049,5.039525691699609,2.6545454545454548,0.0,0.03925063339461832,0.010324153360213195,0.06867613103661885,9.5,4.25,0,0,0,0
2006-06-01,6.290849673202614,6.777664447263976,4.612365063788015,2.5545454545454542,0.0,-0.0049990504249621814,-0.005633483342045054,0.010286585118381097,8.8,4.25,0,0,0,0
2006-07-01,6.6825775656324415,7.416414184735176,3.700097370983446,2.5454545454545454,0.0,0.0009586203662548254,0.05913295205463598,0.036547051500817496,8.5,4.25,0,0,0,0
2006-08-01,4.63472113118617,7.416414184735176,5.325443786982231,2.4363636363636365,0.0,0.010469841970268012,-0.008848535241420485,-0.06381243846040352,8.5,4.25,0,0,0,0
2006-09-01,1.1424219345011366,9.128229550228962,3.8872691933916403,1.9727272727272727,0.0,-0.005345938788200888,-0.14496179418462063,0.03144566124172776,8.5,4.25,0,0,0,0
2006-10-01,1.6973125884017115,10.966861762670877,3.9805825242718473,1.8090909090909093,0.0,-0.01002935632633295,-0.07019000474571246,0.07900945940749704,8.5,4.25,0,0,0,0
2006-11-01,7.069219440353458,11.624768057706468,4.038461538461546,2.018181818181818,0.0,0.0185605088142351,0.004008095602802797,-0.011444304372592029,8.5,4.25,0,0,0,0
2006-12-01,9.538002980625947,11.624768057706447,5.973025048169567,2.109090909090909,0.0,0.02761155021929751,0.04787598286377737,-0.025965398835934295,8.5,4.25,0,0,0,0
2007-01-01,11.66666666666667,10.852659978255907,4.816955684007707,1.9909090909090912,0.0,-0.014759289987540836,-0.13078346381663009,-0.04116813966504829,8.5,4.25,0,0,0,0
2007-02-01,7.917383820998292,9.545948858669394,5.086372360844527,1.9727272727272727,0.0,0.003438409233189832,0.07287251981029685,0.01977651797644331,8.5,4.25,0,0,0,0
2007-03-01,6.974981046247142,10.095326736596544,5.465004793863848,2.0999999999999996,0.0,0.01280440488359691,0.051421078806617615,-0.004430483384929573,8.5,4.25,0,0,0,0
2007-04-01,9.14927768860354,10.537476643169219,3.42530922930544,2.090909090909091,0.0,0.019652228585120834,0.07098125875008598,-0.003977845783417422,8.5,4.25,0,0,0,0
2007-05-01,5.516154452324673,10.64746418211766,3.8570084666039506,1.9727272727272724,0.0,0.002724449285038011,0.0015300740647861133,-0.013128709192072208,8.5,4.25,0,0,0,0
2007-06-01,6.91775557263643,12.968739654469807,3.658536585365857,1.9909090909090907,0.0,-0.008435090904498121,0.04546626734952053,0.1306558343404225,8.0,4.25,0,0,0,0
2007-07-01,5.592841163310958,13.528545103699074,3.6619718309859106,1.9272727272727272,0.0,0.021354940781613596,0.07639806953050066,0.06663062814593523,8.0,4.25,0,0,0,0
2007-08-01,9.30930930930931,14.209716374321268,4.026217228464413,1.7454545454545454,0.0,-0.00731117420354388,-0.04836286522247857,0.08565418462679641,8.0,4.25,0,0,0,0
2007-09-01,5.195783132530107,14.43365699466308,3.741814780168373,2.090909090909091,0.0,0.019539127159216463,0.09041024244518692,0.22893508052527345,8.0,4.25,0,0,0,0
2007-10-01,13.769123783031967,14.768258330904803,3.9215686274509887,2.5090909090909093,0.0,0.02456157605160736,0.06560429330018103,0.025999518396692345,8.0,4.25,0,0,0,0
2007-11-01,4.126547455295726,15.21921415931702,2.4029574861367697,2.9818181818181815,0.0,0.030618663852557848,0.10825003778578068,-0.04059526961023341,8.0,4.25,0,0,0,0
2007-12-01,0.2721088435374108,16.589512048228585,0.727272727272732,2.9909090909090907,0.0,-0.006171535346853219,-0.020108360078840093,0.1357948781481797,8.0,4.25,0,0,0,0
2008-01-01,4.948939512961514,19.373739201619156,3.5845588235294157,3.2272727272727266,0.0,0.009235401433916657,0.01298497070110649,0.005521310193344675,10.0,4.25,0,0,0,0
2008-02-01,7.177033492822971,21.86563634201084,2.8310502283104944,3.3272727272727267,0.0,0.001259853518862819,0.029312092468066098,0.13679117252255768,10.0,4.25,0,0,0,0
2008-03-01,2.2678951098511924,26.244042438130965,1.2727272727272698,3.6181818181818177,0.0,0.049502916042580836,0.08667230136529103,0.03405031796933233,10.0,4.25,0,0,0,0
2008-04-01,2.941176470588225,30.157607753713034,3.5878564857405593,3.309090909090909,0.0,0.01887464160270058,0.0656961269671461,-0.19385198215019095,10.066666666666666,4.25,0,0,0,0
2008-05-01,4.854368932038833,31.063276992555956,-1.0869565217391353,3.809090909090909,-0.012831897937493952,-0.02608739420390327,0.12006606424500355,-0.09694407980977271,12.0,4.25,0,0,0,0
2008-06-01,0.7907979870596549,29.26788963649354,-0.814479638009058,4.1,-0.027180468424508275,-0.02905613522627526,0.06997441300794716,0.058457312352370394,12.0,4.25,0,0,0,0
2008-07-01,2.9661016949152685,26.845710244882692,-1.5398550724637694,4.109090909090909,-0.0018261938716985782,0.013925100677026236,0.00986648152823566,-0.06021730209697562,12.0,4.25,0,0,0,0
2008-08-01,-3.2280219780219666,25.96308601852666,-2.6102610261026005,3.972727272727273,0.0003096726784566073,-0.046837605497089596,-0.14787558035999293,0.003530033147224998,12.0,4.25,0,0,0,0
2008-09-01,-1.5032211882605506,24.607318947877154,-3.3363390441839558,3.8818181818181814,0.0017370278304578157,-0.04285978323726414,-0.13942632184860937,-0.10826409627729028,12.0,4.25,1,0,0,0
2008-10-01,-21.149144254278728,23.154172371225478,-5.570530098831982,3.3454545454545452,0.03840028190059419,-0.03358156934020795,-0.31549025430875943,-0.21915974807613914,12.0,3.75,1,0,0,0
2008-11-01,-27.344782034346103,22.31065064265545,-8.664259927797824,2.354545454545455,0.17445201065178462,0.12465345561812247,-0.29776282125893605,-0.045407011144848575,12.0,3.25,1,0,0,0
2008-12-01,-24.287652645861613,22.31065064265545,-11.823104693140785,1.7909090909090908,0.23324367167561988,0.2916242385073704,-0.2666743340807356,-0.03002954360486587,12.0,2.5,1,0,0,0
2009-01-01,-30.838323353293408,22.31065064265543,-16.592724046140194,1.3454545454545455,0.015527981069157537,0.004715865476787595,0.05908907445090694,0.08269868799902369,12.0,2.0,1,0,0,0
2009-02-01,-27.827380952380953,20.881509641962246,-17.673179396092355,1.290909090909091,0.0,-0.04287438333629723,-0.04695296263420001,-0.06223080812771986,12.0,2.0,1,0,0,0
2009-03-01,-26.611226611226613,18.086561442148085,-17.863554757630162,0.6181818181818182,0.0,0.018796730428259245,0.10863157592515771,0.027627893200837583,12.0,1.5,1,0,0,0
2009-04-01,-28.57142857142857,15.56677060633116,-19.804618117229133,0.6090909090909091,0.0,0.012818402198163437,0.07499726299728993,0.010728360923343061,12.0,1.25,1,0,0,0
2009-05-01,-29.34472934472935,14.654101144484532,-15.75091575091575,0.009090909090909078,-0.006125130087542896,0.020936807497233367,0.14552325366780838,0.11329744329679947,12.0,1.0,1,0,0,0
2009-06-01,-26.533523537803127,14.995333588366911,-15.328467153284675,-0.22727272727272735,-0.004873663630687197,0.026478621311117223,0.17318092230465343,-0.01867089239466857,11.466666666666667,1.0,1,0,0,0
2009-07-01,-25.445816186556936,15.457626386712153,-14.627414903403867,-0.6545454545454544,0.004239933615138192,0.010030256001458682,-0.06702770361872279,-0.13225832211750976,11.0,1.0,1,0,0,0
2009-08-01,-23.704755145493262,15.342053187125826,-14.140480591497228,-0.24545454545454543,0.020509713858579914,0.032013667196315154,0.10226357640462513,-0.06655350919566771,10.516129032258064,1.0,1,0,0,0
2009-09-01,-19.54941860465116,14.999791901704107,-11.660447761194026,-0.4818181818181818,0.02434743484317048,0.045391312689950336,-0.046924883810747,-0.0961197640609166,10.25,1.0,1,0,0,0
2009-10-01,-8.139534883720934,14.095172103067299,-10.561370123691717,-0.33636363636363636,0.00014389174365447843,0.01695972215143282,0.08056910660879968,0.03978313618152107,10.25,1.0,1,0,0,0
2009-11-01,4.909090909090907,13.645535956848299,-6.521739130434789,0.29090909090909084,-0.0007245483103730521,0.006224157973384603,0.0457987964670048,0.0594947864956854,10.25,1.0,1,0,0,0
2009-12-01,5.197132616487465,12.309839158139035,-3.99181166837258,0.6909090909090909,-0.002075276662178105,-0.02045129380240729,-0.03504145478634868,-0.022944027038386494,10.25,1.0,1,0,0,0
2010-01-01,13.311688311688297,11.109248068984968,0.8510638297872353,0.7090909090909091,0.002398543204656267,-0.02133853259809726,0.029465641298004996,-0.024841472610089177,10.25,1.0,0,0,0,0
2010-02-01,8.350515463917517,11.547117026892328,1.4023732470334282,0.6636363636363636,0.00041290300047469586,-0.04255775624768576,-0.03105343566739638,-0.03639620868178639,10.25,1.0,0,0,0,0
2010-03-01,13.975448536355039,10.997081933071362,5.027322404371581,1.3636363636363635,-0.004151948776628611,-0.01206966059624115,0.05888556806456968,-0.015191762404684894,10.25,1.0,0,0,0,0
2010-04-01,17.700000000000003,9.676997707901048,6.533776301218164,1.481818181818182,-0.005208173143315786,-0.017088623896734045,0.05978241679744123,0.009349990163062039,10.25,1.0,0,0,0,0
2010-05-01,15.221774193548377,8.476552956869288,6.304347826086953,1.6,-5.155391713529411e-07,-0.06194029404875767,-0.10729275535587046,-0.06017914483403963,10.25,1.0,0,0,0,0
2010-06-01,13.10679611650485,6.867108550981027,7.219827586206895,1.4909090909090907,-0.0012611528498474023,-0.03369058003536507,-0.011883840115603839,-0.14131969157042068,9.675,1.0,0,0,0,0
2010-07-01,8.647654093836232,6.7601344683473785,4.525862068965525,1.781818181818182,-0.0017927849915868599,0.039455946944656706,-0.0019503630251760384,0.21666652591084468,8.725806451612904,1.0,0,0,0,0
2010-08-01,10.51162790697675,8.257771625218012,5.489773950484378,1.7090909090909092,-0.0014258070173562842,0.012098500774740284,0.016580455289523677,0.22915193241534926,7.967741935483871,1.0,0,0,0,0
2010-09-01,11.382113821138207,10.51314186741006,3.2734952481520585,1.9454545454545453,0.0025374376935776155,0.011099798323271681,0.0038168579739137343,0.09826532794840492,7.75,1.0,0,0,0,0
2010-10-01,10.632911392405052,10.075032286171549,5.106382978723412,2.118181818181818,1.8989520578660546e-05,0.06582194732081392,0.07102934204658506,-0.00531976258587008,7.75,1.0,0,0,0,0
2010-11-01,11.525129982668968,9.204013237418462,4.545454545454564,2.0090909090909093,0.002184553412294399,-0.011620290269773292,0.03386357092717862,0.014141236281767,7.75,1.0,0,0,0,0
2010-12-01,12.180579216354337,9.095783293674732,4.904051172707891,2.4,0.003514329618080847,-0.03457511471545516,0.06272133888576992,0.11186053624813841,7.75,1.0,0,0,0,0
2011-01-01,9.455587392550125,8.238449043822671,5.063291139240511,2.618181818181818,-0.0007552720331998053,0.01113969215118571,0.029391103415054687,0.06331984161371107,7.75,1.0,0,0,0,0
2011-02-01,10.275927687916276,7.176246403549613,7.021276595744674,2.7636363636363632,-0.0011206599908648585,0.02089464422160603,0.05482448967620712,0.06394506090499164,7.75,1.0,0,0,0,0
2011-03-01,8.699254349627171,7.707347723686131,4.3704474505723345,2.909090909090909,0.00039933364467525934,0.02316977271239118,0.10399618388673293,-0.09444625664562789,7.75,1.0,0,0,0,0
2011-04-01,5.522514868309258,9.435850796483503,3.950103950103956,2.9818181818181815,0.0026382058966372135,0.03486821284516628,0.06759657413200415,0.05937902637256087,7.75,1.25,0,0,0,0
2011-05-01,9.011373578302706,10.977200807701571,2.862985685071573,2.854545454545455,0.0012104202845932832,-0.0009274493254816107,-0.07291885587784641,0.055419240619974275,7.75,1.25,0,0,0,0
2011-06-01,7.811158798283246,11.868583946719236,-0.703517587939706,2.8090909090909095,-0.0001688973083102674,-0.0007590096382354972,-0.02078535125529779,-0.08468494577275809,7.75,1.25,0,0,0,0
2011-07-01,9.144792548687564,10.635563482376643,3.402061855670091,2.781818181818182,-0.0002567380863807145,-0.007790693475540511,0.01937875530032862,-0.07156949517703204,7.75,1.5,0,0,0,0
2011-08-01,10.35353535353536,8.886384613090037,1.9387755102040938,2.627272727272727,-1.0117113684593448e-05,0.0033804092881362102,-0.07133616459426051,0.07351796930867849,7.75,1.5,0,0,0,0
2011-09-01,8.19140308191404,5.923489793686221,1.3292433537832382,3.027272727272727,0.00021417767680009803,-0.034500626066565676,0.003307662990205351,-0.03468670727843115,7.75,1.5,0,0,0,0
2011-10-01,7.475209763539281,5.396507257399241,-0.4048582995951344,3.0454545454545454,0.00023128303140396156,-0.010590752875047738,-0.009683742390683037,-0.0890128991165513,7.75,1.5,0,0,0,0
2011-11-01,6.21600621600622,5.186344730465242,0.2022244691607611,3.0454545454545454,0.0011587245560558124,-0.006843560516339053,0.05416364466264145,-0.028086728610056788,7.75,1.25,0,0,0,0
2011-12-01,3.340926347760065,4.560235535641044,0.10162601626015899,2.709090909090909,0.0007301531299286346,-0.027575703489962855,-0.011205645821219967,-0.04355452877778987,7.75,1.0,0,0,0,0
2012-01-01,2.443280977312412,3.732035650210208,-1.7068273092369357,2.645454545454545,5.248645496447324e-06,-0.02331667015278205,0.026920964369034905,0.021559640469805075,7.75,1.0,0,0,0,0
2012-02-01,3.019844693701468,3.0123882274634584,-4.174950298210723,2.645454545454545,-0.00016838805458130324,0.023259760167247734,0.05109318349084635,0.01042152223926518,7.75,1.0,0,0,0,0
2012-03-01,0.1524390243902607,1.8948968364357333,-2.193419740777669,2.6,-0.00027622950592931517,-0.0010644285666123743,0.04424221639302495,0.021741376669343282,7.67741935483871,1.0,0,0,0,0
2012-04-01,1.1272141706924144,0.5872624249118719,-2.9000000000000026,2.4999999999999996,5.985921937368133e-05,-0.0020388357642713295,-0.03560100401145583,-0.0638321444335812,7.5,1.0,0,0,0,0
2012-05-01,2.8089887640449396,-0.510416034090122,-2.882703777335971,2.3363636363636364,0.0005078917349274903,-0.023675229481821436,-0.08804211501877113,-0.0074063351132718225,7.5,1.0,0,0,0,0
2012-06-01,-0.15923566878980333,-1.2040685119400818,-1.8218623481781382,2.272727272727273,0.00021554786376221102,-0.024990202448802457,-0.13734899087842134,0.043781759296498635,7.5,1.0,0,0,0,0
2012-07-01,1.5515903801396336,-0.10299936668307641,-2.891326021934193,2.309090909090909,4.6413404199530106e-05,-0.018421424927688612,0.06430401928979723,0.22444773692130493,7.5,0.75,0,0,0,0
2012-08-01,-2.517162471395884,-0.002701173276142832,-2.0020020020020013,2.581818181818182,1.6143287822956154e-05,0.0061410406279232,0.08439018880979532,0.01068192124343259,7.5,0.75,0,0,0,0
2012-09-01,-4.047976011994003,-0.002701173276153934,-2.6236125126135157,2.5727272727272728,0.0,0.03558598214063924,0.009560808360904005,0.011441363815129613,7.5,0.75,0,0,0,0
2012-10-01,-2.76792051100071,-0.002701173276153934,-2.9471544715447218,2.5363636363636366,0.0,0.012120879542593777,-0.02744280626041018,0.013419627759931885,7.5,0.75,0,0,0,0
2012-11-01,-2.4140453547915053,-0.20249597612673753,-4.238143289606445,2.2181818181818183,0.0,-0.011336006857931125,-0.02183511447521891,0.0073076953459985106,7.5,0.75,0,0,0,0
2012-12-01,-5.51065393093314,-0.20249597612672643,-3.3502538071065957,2.2818181818181817,0.0,0.022058756009097458,0.00019025808906203423,-0.03629221516838754,7.5,0.75,0,0,0,0
2013-01-01,-3.236797274275993,-0.20249597612670422,-3.5750766087844776,1.8636363636363633,0.0,0.010667373466155539,0.03787816480020201,-0.03656321259111017,7.5,0.75,0,0,0,0
2013-02-01,-5.611390284757123,-0.5012908983538678,-1.763485477178428,1.736363636363636,0.0,0.00963295562319999,0.023854165041300668,-0.05054416593461841,7.5,0.75,0,0,0,0
2013-03-01,-4.6423135464231375,-0.7988942157067469,-2.854230377166156,1.6363636363636365,0.0,-0.03183123642356467,-0.04868621570704512,-0.029224756658494222,7.5,0.75,0,0,0,0
2013-04-01,-1.9904458598726138,-0.7988942157067469,-1.2358393408856694,1.2181818181818183,0.0,0.0030723926929860923,-0.03645881114612415,-0.004756251534649536,7.5,0.75,0,0,0,0
2013-05-01,-8.899297423887587,-0.4008957973143934,-2.0470829068577223,1.418181818181818,0.0,-0.0011562245946916683,0.005192901840540998,0.03628250518142373,7.5,0.5,0,0,0,0
2013-06-01,-5.502392344497609,-0.10119939550089496,-0.7216494845360799,1.5818181818181818,0.0,0.013698700171731026,0.0037771585626158455,-0.019733664156951214,7.15,0.5,0,0,0,0
2013-07-01,-4.430863254392669,-0.0011003968992007174,-1.7453798767967155,1.518181818181818,0.0,-0.0075179464063612755,0.053820042003425606,-0.028539392356383253,7.0,0.5,0,0,0,0
2013-08-01,-4.381846635367759,-0.40229959289959094,-1.838610827374887,1.136363636363636,0.0,0.017763736872759228,0.027176180964284313,0.002409639720152512,6.693548387096774,0.5,0,0,0,0
2013-09-01,-4.6875,-0.501797795104475,0.0,0.9272727272727274,0.0,0.0029309111460413817,0.0055329904528989005,0.007074794183380639,6.5,0.5,0,0,0,0
2013-10-01,-4.306569343065703,-0.10380498628489443,0.732984293193728,0.5272727272727273,0.0,0.021364949793950316,-0.031102704381976487,0.057435522585332244,6.5,0.5,0,0,0,0
2013-11-01,-3.8230884557721057,0.19618358732984564,2.1074815595363505,0.5636363636363636,0.0,-0.010368472140522833,-0.026923946466959947,-0.05989750014732742,6.5,0.25,0,0,0,0
2013-12-01,-0.15552099533435726,0.4961721609445968,1.7857142857142794,0.7363636363636362,0.0,0.014309541417831806,0.02744091314966468,-0.05080407447345969,6.5,0.25,0,0,0,0
2014-01-01,-1.5845070422535135,0.4961721609445746,2.4364406779660897,0.6454545454545454,0.0,-0.002290981339245768,-0.03261693475595706,-0.056365330473017394,6.5,0.25,0,0,0,0
2014-02-01,-4.34782608695653,1.200349543453716,2.2175290390707536,0.5454545454545454,0.07955741265958727,0.07816933953824545,0.026388115538805934,0.058268908123975116,6.5,0.25,0,1,0,0
2014-03-01,-7.023144453312047,3.426757233409705,1.1542497376705319,0.3272727272727272,0.13643227662794732,0.14836902841473876,-0.007532751865076293,0.10271551128184786,6.5,0.25,0,1,0,0
2014-04-01,-9.829406986190081,6.8398402221122145,1.147028154327412,0.5090909090909091,0.15964475692261848,0.1608374990874859,0.007914261375648657,0.0033994367014642535,8.1,0.25,0,1,0,0
2014-05-01,-5.312767780634109,10.788965185367093,0.2089864158829613,0.30909090909090914,0.0005582788033633435,-0.004619800209773928,0.008041326137180782,0.030085834622314955,9.5,0.25,0,1,0,0
2014-06-01,-8.354430379746836,11.896854837220761,0.0,0.3909090909090908,0.014147534058348565,0.0023526970481237974,0.0248510281886416,-0.08830949490121132,9.5,0.15,0,1,0,0
2014-07-01,-13.828936850519579,12.456899155725365,1.1494252873563093,0.30000000000000004,-0.004313039290095411,-0.006631629894464641,-0.02946530267569436,-0.08897537107428999,10.951612903225806,0.15,0,1,0,0
2014-08-01,-20.621931260229132,14.155643855962929,-1.144640998959412,0.40909090909090917,0.09838629606649851,0.08085892831379127,-0.05044669257648504,-0.06218219068483677,12.5,0.15,0,1,0,0
2014-09-01,-16.311475409836074,17.466157527785864,-0.4145077720207335,0.3272727272727272,0.0029214145445628503,-0.0277777504980965,-0.042885591538088796,-0.07830085041375767,12.5,0.05,0,1,0,0
2014-10-01,-15.33180778032036,19.806120825152117,-0.10395010395011228,0.2909090909090909,-0.004816903897825409,-0.02303774300435446,-0.10750737307817904,0.007513183350782882,12.5,0.05,0,1,0,0
2014-11-01,-14.029618082618867,21.838759601626776,-1.2383900928792602,0.2545454545454545,0.12889338535954398,0.11338622481934646,-0.1115582583946857,0.05249018262139682,13.4,0.05,0,1,0,0
2014-12-01,-14.953271028037385,24.869574517090133,0.0,-0.2818181818181818,0.05916328786967595,0.046467733126393185,-0.2377202265792251,0.041730672456472995,14.0,0.05,0,1,0,0
2015-01-01,-16.547406082289807,28.48356419872249,-0.20682523267838704,-0.6727272727272728,0.01206852537649139,-0.03976636676170564,-0.253584077616658,-0.08231595257155178,14.0,0.05,0,1,0,0
2015-02-01,-16.512059369202227,34.486275448563376,-0.20661157024793875,-0.4090909090909091,0.44507268592942095,0.41452051625302655,0.1510931617274185,-0.046942759247190935,18.517857142857142,0.05,0,1,0,0
2015-03-01,-17.25321888412017,45.80312445891215,0.8298755186721962,-0.1545454545454545,-0.06271057419541481,-0.10537354721893388,-0.03649158182807488,-0.026710150327573956,28.983870967741936,0.05,0,1,0,0
2015-04-01,-16.666666666666664,60.90567462067749,0.0,-0.00909090909090911,-0.020789367283920335,-0.03069877267749188,0.08552217343804047,-0.03236528450203213,30.0,0.05,0,1,0,0
2015-05-01,-16.289592760180994,58.42543300802738,1.564129301355588,0.3818181818181819,-0.08230329877952869,-0.04767575180105643,0.08273493056030201,-0.03685509238915419,30.0,0.05,0,1,0,0
2015-06-01,-14.640883977900543,57.48429182184107,1.1422637590861928,0.38181818181818183,0.015069855519616926,0.021756646762050913,-0.01938462593372048,-0.02593057992100256,30.0,0.05,0,1,0,0
2015-07-01,-13.265306122448973,55.2882957207397,1.2396694214876103,0.38181818181818183,0.02440401404043291,0.004135929927410409,-0.12062798778866934,-0.06139111514714557,30.0,0.05,0,1,0,0
2015-08-01,-7.422680412371141,52.82340213787078,1.5789473684210575,0.3181818181818182,-0.006016301199658347,0.003162475024522049,-0.17338114842302144,-0.0936356050339926,29.612903225806452,0.05,0,1,0,0
2015-09-01,-6.562193927522031,51.93230358313099,1.1446409989594342,0.09999999999999996,0.007212695470373287,0.01824521293820558,0.012830446750295543,-0.03962979477076711,26.0,0.05,0,1,0,0
2015-10-01,-7.027027027027022,46.442562145068614,1.5608740894901052,0.2999999999999999,0.002653919362607393,0.004038283250050956,0.014515288278701188,8.510276163598007e-05,22.0,0.05,0,1,0,0
2015-11-01,-8.612873980054392,46.586274178577035,1.6718913270637348,0.22727272727272732,0.06519205100094716,0.020673308166677895,-0.08539288325391725,0.025126316584859865,22.0,0.05,0,1,0,0
2015-12-01,-5.128205128205132,43.3129884444923,0.20639834881319707,0.3909090909090909,0.004099278889527103,0.014224534027019509,-0.16451292994905797,0.06622278661313619,22.0,0.05,0,1,0,0
2016-01-01,0.1071811361200492,40.254903337044404,2.590673575129543,0.4272727272727273,0.035721887745627345,0.03561350860224666,-0.2054823501453389,0.021134312073972872,22.0,0.05,0,0,0,1
2016-02-01,8.22222222222222,32.66275757236108,1.9668737060041463,0.09090909090909091,0.08428457129010036,0.10725962082653107,0.041117451204426114,-0.03285319618718674,22.0,0.05,0,0,0,1
2016-03-01,3.112033195020736,20.92904796758548,0.7201646090535085,0.07272727272727271,-0.001398695774420311,-0.0039672106230534965,0.18511065965328743,0.021380795024950494,22.0,0.0,0,0,0,1
2016-04-01,4.216216216216218,9.790846181097358,2.0618556701030855,0.0090909090909091,-0.02795816890590963,-0.005275097640911497,0.0873907015732951,-0.019418085857101808,21.1,0.0,0,0,0,1
2016-05-01,1.08108108108107,7.5348698897049315,0.2053388090349051,0.08181818181818185,-0.016592193997476024,-0.019431098846568684,0.1198077965321449,-0.08594242980072497,18.838709677419356,0.0,0,0,0,1
2016-06-01,-1.8338727076591232,6.8922312250254025,0.7186858316221567,0.2545454545454545,-0.010224161249416053,-0.014345995938408684,0.037388197793181366,0.006389798098771493,17.65,0.0,0,0,0,1
2016-07-01,1.497326203208571,7.863978781616554,0.20408163265306367,0.3,-0.0054075040373406935,-0.0218770630351921,-0.07758754798945544,-0.13141050105538543,16.403225806451612,0.0,0,0,0,1
2016-08-01,5.23385300668151,8.407648029507797,2.901554404145079,0.3909090909090909,0.009944760650670847,0.02245610478409743,0.01685370030036548,-0.01709443335929972,15.5,0.0,0,0,0,1
2016-09-01,5.031446540880502,7.877796377359658,1.6460905349794164,0.43636363636363645,0.047170669253301156,0.0472185538984351,0.0037070030587029734,0.009804000096620413,15.25,0.0,0,0,0,1
2016-10-01,5.03875968992249,12.359042224848782,1.5368852459016313,0.6454545454545454,-0.019918497438331073,-0.03515944598220644,0.09016385601844279,0.007290433262679308,14.870967741935484,0.0,0,0,0,1
2016-11-01,8.73015873015872,12.138730377349049,2.466598150051391,0.5818181818181818,-0.0021895285280142396,-0.02383248398442106,-0.08536520519486235,-0.007290433262679308,14.0,0.0,0,0,0,1
2016-12-01,6.660231660231664,12.361448809081654,2.3686920700308978,0.9909090909090911,0.019404621808257083,-0.005594378679098622,0.15067263540675535,-0.06031979023352285,14.0,0.0,0,0,0,1
2017-01-01,4.282655246252687,12.584167240814171,-0.20202020202020332,1.6272727272727274,0.0354674806819566,0.041484215523541756,0.018266207894612307,0.07724885233397139,14.0,0.0,0,0,0,1
2017-02-01,-3.3880903490759895,14.166675615685076,1.624365482233503,1.8363636363636366,-0.00453468839617166,0.00035354233079631925,0.014143459059834829,0.01191909223720966,14.0,0.0,0,0,0,1
2017-03-01,0.8048289738430636,15.070966115611274,2.3493360572012234,1.4727272727272727,-0.0009701638882466668,0.0002527748646983241,-0.06557753326967886,-0.004750602758597289,14.0,0.0,0,0,0,1
2017-04-01,-3.0082987551867224,12.180294503045207,1.7171717171717171,1.8272727272727267,-0.0053746749229603985,-0.0017538159642058737,0.02445141220999192,0.07342746855481685,13.433333333333334,0.0,0,0,0,1
2017-05-01,3.52941176470587,13.525113218366446,3.893442622950838,1.3272727272727272,-0.016258986995487668,0.013659194926461726,-0.04449242820924937,0.08276194796228964,12.903225806451612,0.0,0,0,0,1
2017-06-01,6.043956043956045,15.57266035056144,3.4658511722732044,1.090909090909091,-0.011986419688515326,0.003344080135958105,-0.07762935633830192,0.04966263768704238,12.5,0.0,0,0,0,1
2017-07-01,0.9483667017913477,15.919725396659201,3.665987780040725,1.1818181818181819,-0.005358992673083041,0.01961094946352704,0.03176449241367729,0.06562804367135122,12.5,0.0,0,0,0,1
2017-08-01,2.9629629629629672,16.152262458638454,3.8267875125881146,1.3636363636363638,-0.012946464410948266,0.013086261172000402,0.04686650001384374,-0.1675491750272684,12.5,0.0,0,0,0,1
2017-09-01,0.7984031936127733,16.38045943792854,3.4412955465587203,1.4181818181818182,0.018295840888936876,0.027777712490958173,0.05845904266053914,0.042022989774848085,12.5,0.0,0,0,0,1
2017-10-01,1.291512915129145,14.569090419439368,3.229061553985879,1.309090909090909,0.020710857115935344,0.009586791839168551,0.03652950885235429,-0.016597891409038112,12.661290322580646,0.0,0,0,0,1
2017-11-01,0.5474452554744547,13.556200622018032,4.212637913741224,1.4636363636363634,0.0018852066781849253,-0.0020992721212489407,0.08735525246958442,0.022751756983415916,13.5,0.0,0,0,0,1
2017-12-01,-0.5429864253393646,13.668743932842586,5.231388329979869,1.2818181818181817,0.029925015428815538,0.03943157092908711,0.02069646748922338,0.02424361160999311,14.048387096774194,0.0,0,0,0,1
2018-01-01,3.901437371663241,14.118471900925055,3.9473684210526327,1.1363636363636362,0.032811056053236864,0.06030327061104046,0.07915390071251238,0.042975362980057774,14.790322580645162,0.0,0,0,0,1
2018-02-01,5.207226354941552,14.00548331488456,1.6983016983016963,1.0272727272727271,-0.04544512327641881,-0.02961853283225402,-0.04267341541604086,0.0,16.0,0.0,0,0,0,1
2018-03-01,4.291417165668654,13.221555630008153,2.594810379241519,1.1363636363636365,-0.03101761252762314,-0.03311528057392099,0.011074078904731444,0.0,16.967741935483872,0.0,0,0,0,1
2018-04-01,5.561497326203213,13.109343979235067,1.8867924528301883,0.990909090909091,-0.007218378314078677,-0.01099077410240934,0.06962297595962941,0.106888983666515,17.0,0.0,0,0,0,1
2018-05-01,3.512396694214881,11.657792674467004,1.6765285996055201,1.6454545454545453,0.0011264797439469731,-0.03559284210853164,0.06522573044410862,0.0,17.0,0.0,0,0,0,1
2018-06-01,2.2797927461139844,9.899402238648625,1.9704433497536922,1.781818181818182,0.0007997147614773326,-0.011976062900370454,-0.01999057904484225,0.025446665661164936,17.0,0.0,0,0,0,1
2018-07-01,4.175365344467652,8.912281859259586,0.8840864440078589,1.936363636363636,0.007547760972387074,0.00578186196024566,0.00954078170234851,-0.005037794029957965,17.306451612903224,0.0,0,0,0,1
2018-08-01,0.8221993833504637,9.021303162422,0.38797284190106307,1.8,0.040148840484853565,0.029447896668313156,-0.022029876417392735,0.08081940674170873,17.5,0.0,0,0,0,1
2018-09-01,1.5841584158415856,8.914419531870577,0.8806262230919737,1.863636363636364,0.025473413470928907,0.03556496634912598,0.058467963716438476,-0.1081248574319762,17.9,0.0,0,0,0,1
2018-10-01,2.732240437158473,9.452534252877886,0.5865102639296182,2.0,-0.0022686993224061425,-0.01726087482508376,0.01792846145220839,0.005176888179533989,18.0,0.0,0,0,0,1
2018-11-01,1.9056261343012748,9.994915492981304,-1.8286814244465877,1.718181818181818,-0.0069169466169105576,-0.01799726966620563,-0.2080204101172125,-0.04758607010462779,18.0,0.0,0,0,0,1
2018-12-01,1.091901728844391,9.777103779133833,-1.6252390057361232,1.3636363636363638,-0.005181368104509865,-0.0036597188225990784,-0.1439858814155115,0.03720535405006675,18.0,0.0,0,0,0,1
2019-01-01,-1.0869565217391353,9.2363298688918,0.09737098344693162,1.2363636363636366,0.0032347438904123393,0.005514394419833479,0.0474714464310817,-0.0069808311413401825,18.0,0.0,0,0,0,1
2019-02-01,-1.7171717171717171,8.803281980412514,1.080550098231825,1.3818181818181818,-0.02610968539713232,-0.0309306852748783,0.07734279338356309,0.04285145740933949,18.0,0.0,0,0,0,1
2019-03-01,2.4880382775119614,8.588043044744055,0.1945525291828787,1.4454545454545455,-0.011000533788179556,-0.014495330060787737,0.04248691094000989,-0.06230388333615444,18.0,0.0,0,0,0,1
2019-04-01,4.35663627152989,8.803495511102689,0.0,1.654545454545454,-0.0019390505069547537,-0.0095775239493876,0.07240815872386808,-0.03082746379525947,17.916666666666668,0.0,0,0,0,1
2019-05-01,3.1936127744510934,9.565119979680436,-0.09699321047526022,1.1909090909090911,-0.016268258774302158,-0.02049483469870106,-0.02575038273961372,0.0,17.5,0.0,0,0,0,1
2019-06-01,0.5065856129685908,9.017294379782005,-1.449275362318836,1.1818181818181819,0.0045864419430348136,0.013035740608353663,-0.11186541725390242,0.03261158558876076,17.5,0.0,0,0,0,1
2019-07-01,1.7034068136272618,9.127080174726409,-0.8763388510223957,0.881818181818182,-0.028661645709622707,-0.03324196309283156,0.028321158202097685,-0.049325066562501796,17.29032258064516,0.0,0,0,0,1
2019-08-01,1.2232415902140747,8.799698934202226,-1.6425120772946888,0.9545454545454546,-0.019780336754251948,-0.02903666234201241,-0.06392059139933792,-0.07988666491750429,17.0,0.0,0,0,0,1
2019-09-01,0.19493177387914784,7.51844634616452,-1.3579049466537207,0.7636363636363636,-0.019084817705622203,-0.029243614270013207,0.04027389913793922,0.045597591438872875,16.583333333333332,0.0,0,0,0,1
2019-10-01,-2.8368794326241176,6.461234484353651,-1.6520894071914483,0.6636363636363637,0.0015523986846859295,0.004551759861501026,-0.0471758782235181,0.05100255445237245,16.274193548387096,0.0,0,0,0,1
2019-11-01,-5.877114870881561,5.096346862759371,-0.6862745098039191,0.8727272727272727,-0.017923464432751945,-0.016285018110202554,0.0532091625141593,0.018248681588399762,15.5,0.0,0,0,0,1
2019-12-01,-6.750675067506751,4.053724374041523,-3.0126336248785357,1.2363636363636363,-0.03160461617020882,-0.028272873886989736,0.04768323205910452,0.03727139479723096,14.274193548387096,0.0,0,0,0,1
2020-01-01,-4.895104895104884,3.229536458207538,-0.5836575875486361,1.3,0.021368064038777224,0.022089084292200134,-0.027632845816937035,0.06246756285202881,13.419354838709678,0.0,0,0,0,1
2020-02-01,-1.0277492291880796,2.407808804808864,-0.7774538386783436,1.0727272727272728,0.019590647971918784,0.0019521011755130324,-0.14428318197708245,-0.04177716959458255,11.0,0.0,0,0,0,1
2020-03-01,-6.722689075630239,2.306314445240165,-15.048543689320393,0.6454545454545454,0.07122442872658441,0.08271701896200634,-0.5047415284597818,-0.029439355450681326,10.387096774193548,0.0,0,0,0,1
2020-04-01,-15.048543689320393,2.1037276839624752,-30.896686159844045,0.13636363636363633,0.030293368867664316,0.014811401386474632,-0.42548616314993915,0.04636023293901825,9.533333333333333,0.0,0,0,0,1
2020-05-01,-12.379110251450687,1.6981518043836408,-18.737864077669897,-0.09090909090909091,-0.015186525326436051,-0.013867100366043772,0.36720069345636075,-0.06230388333615444,8.0,0.0,0,0,0,1
2020-06-01,-4.73790322580645,2.4136161889370955,-10.588235294117643,0.1,-0.003997851213926484,0.02882263458667822,0.2614185261301505,-0.036367644170875124,6.733333333333333,0.0,0,0,0,1
2020-07-01,-2.857142857142858,2.4136161889370955,-7.072691552062871,0.3636363636363636,0.022418315245527953,0.038297019596408965,0.06405263814130491,0.11289787657427208,6.0,0.0,0,0,0,1
2020-08-01,-4.229607250755285,2.516337970470639,-5.206286836935159,-0.31818181818181823,0.007607713080458822,0.041594714888069095,0.03220174543535981,0.003908975390587877,6.0,0.0,0,0,0,1
2020-09-01,-3.3073929961089377,2.312730546497499,-5.014749262536878,-0.3,0.016408029499625165,0.014088924611051823,-0.0677714454434506,0.10496581894124368,6.0,0.0,0,0,0,1
2020-10-01,-4.197080291970801,2.6175351062189156,-2.4703557312252933,-0.2818181818181818,0.01237048200163704,0.010508551119032816,-0.01730963753517356,0.09498713021340333,6.0,0.0,0,0,0,1
2020-11-01,0.47303689687796524,3.8477153472525005,-2.3692003948667217,-0.2636363636363636,-0.000522583296021395,0.0038182117576188723,0.058489561258066924,0.0023470745701938966,6.0,0.0,0,0,0,1
2020-12-01,5.308880308880304,4.99232944426633,-0.7014028056112287,-0.2545454545454545,-0.004972896050149167,0.023008582398484023,0.1413605652303196,-0.016434678833491034,6.0,0.0,0,0,0,1
2021-01-01,-3.361344537815125,6.144939847347075,-2.2504892367906093,0.5000000000000001,0.0017752111523332559,0.0037924510447102655,0.09538480481355682,0.07442709563062078,6.0,0.0,0,0,0,1
2021-02-01,-4.25752855659397,7.528976174343582,-3.72184133202742,0.5272727272727272,-0.01194608798881669,-0.018884913722859054,0.12042586550395251,0.00034560221529389423,6.0,0.0,0,0,0,1
2021-03-01,2.7027027027026973,8.48905631875736,14.399999999999991,0.9363636363636363,-0.0032005163694610594,-0.018029508920664572,0.054186178566252075,-0.05786194187893745,6.435483870967742,0.0,0,0,0,1
2021-04-01,13.714285714285722,8.381428286695126,42.45416078984483,1.3181818181818181,0.004825392570851239,0.005720536763203832,-0.01388253877760981,0.028228845239761213,7.0,0.0,0,0,0,1
2021-05-01,6.62251655629138,9.462000851866549,18.99641577060931,1.7090909090909094,-0.011782648819882446,0.00526767365923142,0.05335629599203262,0.0563968180126837,7.5,0.0,0,0,0,1
2021-06-01,2.4338624338624326,9.46200085186657,8.223684210526304,1.6727272727272726,-0.013237138583116259,-0.019658169249683333,0.07823384374946407,-0.04015639046001862,7.5,0.0,0,0,0,1
2021-07-01,1.5212981744421983,10.232860012795154,6.765327695560264,1.8090909090909089,-0.0009301337618601302,-0.020661196384239577,0.02040230672681176,0.030080568133461938,7.645161290322581,0.0,0,0,0,1
2021-08-01,1.8927444794952786,10.232860012795154,2.3834196891191706,2.6818181818181817,-0.01591508766528671,-0.020511510188125026,-0.06216093894118746,0.09784945428252989,8.0,0.0,0,0,0,1
2021-09-01,0.2012072434607548,11.000651077560896,3.002070393374745,2.9909090909090907,-0.002132886438500403,-0.000989567398869795,0.055543687185163115,0.039366479961015166,8.35,0.0,0,0,0,1
2021-10-01,2.3809523809523725,10.890749442830682,1.4184397163120588,3.8000000000000003,-0.013299362204730159,-0.030083544743742863,0.11977535167041431,0.049474132197675935,8.5,0.0,0,0,0,1
2021-11-01,1.2241054613935987,10.343411094149403,1.921132457027297,4.672727272727272,0.002709001804718003,-0.012238476727737702,-0.026506881777574876,0.06753505616436684,8.5,0.0,0,0,0,1
2021-12-01,-0.274977085242889,10.015333558686091,3.0272452068617506,4.8,0.028598506815442626,0.019379865614710834,-0.0923531380211049,-0.00698175422174252,8.85483870967742,0.0,0,0,0,1
2022-01-01,3.2608695652173836,10.015333558686113,2.102102102102088,5.300000000000001,0.027823522560771252,0.028421767967660383,0.14123267701366693,-0.006843778792310573,9.35483870967742,0.0,0,0,0,1
2022-02-01,-9.327548806941444,10.668889995668396,4.374364191251279,6.054545454545456,0.015334773922297984,0.01872134071643794,0.10856082295354241,0.04253066644387182,10.0,0.0,0,0,1,1
2022-03-01,-53.50877192982455,13.715821086994517,0.899100899100902,7.554545454545454,0.02917691473637074,0.019232821663117683,0.18360949398777837,0.21939774812999957,10.0,0.0,0,0,1,1
2022-04-01,-46.53266331658291,16.42602933534394,-0.099009900990088,7.7272727272727275,0.0,-0.0348240380967022,-0.0833003782031625,0.018297541801236328,10.0,0.0,0,0,1,1
2022-05-01,-40.6832298136646,18.03507613760933,3.1124497991968036,8.372727272727273,0.0,-0.02828826287619357,0.062624864937038,0.05309972996336221,10.0,0.0,0,0,1,1
2022-06-01,-40.39256198347106,21.451260975923358,3.8500506585612992,9.145454545454546,0.0,0.002204351325722609,0.05910430263088884,-0.12788820148692714,24.0,0.0,0,0,1,1
2022-07-01,-41.95804195804196,22.179240562192646,0.0990099009900991,9.463636363636363,0.08499293431084487,0.03934776017650554,-0.10570938421723941,-0.1836061344208213,25.0,0.5,0,0,1,1
2022-08-01,-39.21568627450981,23.77075371580839,5.161943319838058,9.627272727272727,0.1381499333569729,0.14150236156714913,-0.09068331107425642,0.0009407338417197764,25.0,0.5,0,0,1,1
2022-09-01,-39.45783132530121,24.62687553004819,5.025125628140703,10.41818181818182,0.0,-0.02126583531529347,-0.08423668042583721,0.09053560588348653,25.0,1.25,0,0,1,1
2022-10-01,-41.116279069767444,26.60311934420152,3.296703296703307,10.727272727272727,0.0,-0.010528869636834859,0.02359903407341868,0.04389975561730086,25.0,1.25,0,0,1,1
2022-11-01,-41.116279069767444,26.47752101151881,2.6785714285714413,9.799999999999999,0.0,0.03354868844914494,-0.0332044535092626,-0.03548935703626732,25.0,2.0,0,0,1,1
2022-12-01,-44.02573529411765,26.603244193438847,-2.252693437806075,9.109090909090908,0.0,0.04011460826791158,-0.11266511274539948,-0.08992346506610716,25.0,2.5,0,0,1,1
2023-01-01,-38.94736842105263,25.978351576491953,0.8823529411764675,8.318181818181818,0.0,0.017080957407455077,0.02957538406450766,-0.01557375383547921,25.0,2.5,0,0,1,1
2023-02-01,-27.631578947368418,24.862401611739582,2.5341130604288553,8.081818181818182,0.0,-0.001988831315735684,-0.001950248548639344,0.03713448046450729,25.0,3.0,0,0,1,1
2023-03-01,44.025157232704395,21.277835058292528,-0.8910891089108919,6.490909090909091,0.0,-0.004836353645181202,-0.04824620182645045,-0.06512809747902093,25.0,3.5,0,0,1,1
2023-04-01,19.36090225563909,17.866528349572384,0.5946481665014769,6.309090909090909,0.0,0.025109888559205373,0.07537123109378552,0.02224571709634393,25.0,3.5,0,0,1,1
2023-05-01,18.15008726003491,15.341636797780179,-1.4605647517039966,5.572727272727271,0.0,-0.006444617005719078,-0.10658295475556745,-0.027994106027378507,25.0,3.75,0,0,1,1
2023-06-01,14.3847487001733,12.768544997247734,-0.4878048780487809,4.781818181818182,0.0,-0.005551374036911305,-0.011670116162158628,-0.06238352351797083,25.0,4.0,0,0,1,1
2023-07-01,14.80206540447504,11.312744515654671,-1.186943620178027,4.6,0.0,0.021120134656097633,0.0751766033844179,0.0,24.612903225806452,4.0,0,0,1,1
2023-08-01,15.449915110356539,8.560203850084559,-4.04234841193456,4.554545454545454,0.0,-0.012704283533132799,0.0701659891222004,-0.08982021216922753,22.0,4.25,0,0,1,1
2023-09-01,12.603648424543955,7.068699577365023,-4.784688995215314,3.6636363636363636,0.0,-0.020025209543013567,0.0847741779109139,-0.0036161815774553574,20.933333333333334,4.5,0,0,1,1
2023-10-01,17.377567140600327,5.292926023398992,-4.255319148936176,2.545454545454546,-0.0013586005725421124,-0.014579159391733931,-0.034601023733698,-0.054127248777016135,19.35483870967742,4.5,0,0,1,1
2023-11-01,17.5355450236967,5.08380402533859,-3.961352657004824,2.1727272727272724,-0.010004479900549867,0.011382299450467315,-0.09076190302553577,-0.05004052622398891,16.0,4.5,0,0,1,1
2023-12-01,23.809523809523814,5.0838040253385675,0.7014028056112176,2.6363636363636362,0.025626363105543337,0.03773137766010448,-0.0717805780839722,0.026347078843867777,15.451612903225806,4.5,0,0,1,1
2024-01-01,18.965517241379317,4.6668048030158005,-4.761904761904767,2.6636363636363636,0.02066571914874471,0.02077574686385031,0.02546560167403289,-0.02507826677501157,15.0,4.5,0,0,1,1
2024-02-01,13.388429752066111,4.251047882249082,-6.083650190114076,2.6090909090909093,0.0027536153315850243,-0.009083652241892892,0.0363541564067722,-0.01923922716155424,15.0,4.5,0,0,1,1
2024-03-01,6.259097525473067,3.223943962226916,-0.8991008991008909,2.590909090909091,0.01803294803798794,0.02525310616497789,0.036540108529631965,-0.013265334672111884,14.725806451612904,4.5,0,0,1,1
2024-04-01,13.070866141732274,3.223943962226916,-2.758620689655167,2.5181818181818185,0.017858531829822777,0.005391115125093826,0.052072205518718384,-0.009248325015512648,14.333333333333334,4.5,0,0,1,1
2024-05-01,4.874446085672068,3.3266543542291416,-3.2608695652173836,2.6818181818181817,0.008840299224393888,0.014509997603967761,-0.0775376482549408,0.060974520630132645,13.5,4.5,0,0,1,1
2024-06-01,0.9090909090909038,4.761746775815667,-3.627450980392155,2.6363636363636362,0.01914224869177117,0.01657400770252826,-0.0029511241830020296,-0.08607577344143902,13.216666666666667,4.25,0,0,1,1
2024-07-01,-0.14992503748126884,5.394111444482563,-2.1021021021021102,2.6636363636363636,0.012585869284089224,0.019365844717956104,0.024975405919675175,-0.020122015519796754,13.0,4.25,0,0,1,1
2024-08-01,-2.6470588235294024,7.531923035648536,-0.5015045135406182,2.272727272727273,0.00484785230401652,0.01887682361237175,-0.0636933208004411,-0.0368259804183495,13.0,4.25,0,0,1,1
